paper_id,Paper,Year,Category,Link,local_file,pages_sections,review_status,delta_category,Cancer_cohort,N,Assay,Input_datatype,Ground_truth_HRD_definition,HRD_calculation_method,LOH_definition,LST_definition,TAI_definition,Upstream_allele_specific_CN_method,Purity_ploidy_correction,CNV_method,Methylation_preprocessing,Raw_IDAT_MU_requirement,RNA_preprocessing,Model_class,Feature_selection,Training_strategy,Validation_strategy,Cross_validation_design,External_validation,Performance_metrics,Calibration_uncertainty,Single_sample_compatible,Cross_cancer_compatible,Code_software,Synthetic_data_relevance,Major_strengths,Major_limitations,Direct_relevance_KIDS26,Implementation_ideas,documented_fact,inference,recommendation
L01,Patterns of genomic loss of heterozygosity predict homologous recombination repair defects in epithelial ovarian cancer.,2012,HRD / genomic scars,https://pubmed.ncbi.nlm.nih.gov/23047548/,../papers/2012_Patterns_of_genomic_loss_of_heterozygosity_predict_homologous_recombination_repa.pdf,"pp. 1-4,6",Local abstract and relevant methods/results reviewed; supplementary gaps retained,Not established in reviewed material,Three ovarian cohorts; breast/pancreatic cell lines,640 ovarian tumors; 57 cell lines; assay denominators differ,SNP genotyping; BRCA mutation/methylation/expression,LOH regions,BRCA1/2 defects with LOH; RAD51C methylation explored,LOH segments >15 Mb but less than whole chromosome,Not established in reviewed material,Not established in reviewed material,Not established in reviewed material,Not established in reviewed material,Not established in reviewed material,Not established in reviewed material,Not established in reviewed material,Not established in reviewed material,Not established in reviewed material,Event count,Not established in reviewed material,Not established in reviewed material,Two independent ovarian cohorts and cell lines,Not established in reviewed material,Not established in reviewed material,Not established in reviewed material,Not established in reviewed material,Yes after valid allele-specific segmentation,Not established in reviewed material,Not established in reviewed material,Not established in reviewed material,Not established in reviewed material,Not established in reviewed material,Canonical LOH definition,Not established in reviewed material,The original HRD score counts LOH regions; it is not the later three-component sum. Scars can persist after reversion.,HRD score is an ambiguous historical name.,Store component names and assay provenance explicitly.
L02,Telomeric allelic imbalance indicates defective DNA repair and sensitivity to DNA-damaging agents.,2012,HRD / genomic scars,https://pubmed.ncbi.nlm.nih.gov/22576213/,../papers/nihms-513878.pdf,pp. 1-8; Methods pp. 6-8,Newly available author manuscript; consequential methods reviewed,CONFIRMS CURRENT PLAN,Breast cell lines; Cisplatin-1/2 TNBC; TCGA ovarian and triple-negative breast,Cisplatin-1 27 profiled; Cisplatin-2 26 after ASCAT/purity; TCGA OV 218; TCGA breast 78; cell-line assay Ns vary,42K/330K OncoScan and SNP6 genotyping arrays,Allele-specific copy number and allelic imbalance,Platinum response and BRCA1/2 status; NtAI is evaluated as a scar biomarker,"NtAI count, not three-component HRDsum",Not a standalone LOH endpoint; copy-neutral LOH is explicitly recognized as a possible source of telomeric AI,Absent,"Unequal allele copy number with at least one allele present, extending to the subtelomere without crossing the centromere",AROMAv2/CalMaTe; TumorBoost with paired normal; ASCAT,ASCAT correction; samples below 36% purity and failed profiles excluded in the reported cohorts,AROMAv2/CalMaTe; TumorBoost when paired normal available; ASCAT corrects purity/ploidy,Not established in reviewed material,Methylation IDAT/M/U absent; SNP-array allele-intensity/genotype input required,Not established in reviewed material,Not established in reviewed material,"Platform-density-specific minimum consecutive probes: 25 (42K), 200 (330K), 500 (SNP6)",Not established in reviewed material,"Multiple trials, cell-line datasets, and TCGA cohorts; no predictive-model CV",Not established in reviewed material,Cisplatin trials and TCGA OV,ROC AUC/rank tests and platinum-response associations; exact values by cohort,No formal probability calibration or individual uncertainty interval,Yes after validated allele-specific profiling and QC,Breast/ovarian evidence only,ASCAT; public OncoScan data GSE28330,Not established in reviewed material,Exact TAI definition and purity/ploidy-aware allele inference across platforms,Platform-dependent probe thresholds; low-purity failures; historical scar can persist after repair restoration,Canonical TAI information requirement,Use as truth fixture: AI means unequal allele copy with at least one allele present; telomeric region reaches subtelomere without crossing centromere,"TAI was derived from SNP-array allele signals with ASCAT, not total CN. Copy-neutral LOH is explicitly a possible source of telomeric AI.",Neither ordinary beta values nor methylation-derived total CN contains the demonstrated input needed for canonical TAI.,Retain canonical TAI only for allele-aware reference data; call total-CN telomeric features telomeric CN alteration burden.
L03,Homologous Recombination Deficiency (HRD) Score Predicts Response to Platinum-Containing Neoadjuvant Chemotherapy in Patients with Triple-Negative Breast Cancer.,2016,HRD / genomic scars,https://pubmed.ncbi.nlm.nih.gov/26957554/,../papers/nihms-1052067.pdf,pp. 2-11; Methods pp. 4-7,"Newly available author manuscript; main methods reviewed, component supplement unavailable",CONFIRMS CURRENT PLAN,Three neoadjuvant TNBC platinum trials; independent breast/ovarian threshold cohort,Threshold cohort 497 breast + 561 ovarian (268 BRCA1/2-deficient); PrECOG evaluable 70; pooled cisplatin evaluable 50,"54,091-SNP custom NGS panel; MIP SNP array for 10 PrECOG cases",Genome-wide SNP allelic-imbalance profiles,HRD-high if score >42 and/or deleterious BRCA1/2 mutation,Unweighted HRD-LOH + TAI + LST; individual algorithm details deferred to supplement/prior papers,Component algorithm deferred to supplement/prior paper in the local manuscript,Component algorithm deferred to supplement/prior paper in the local manuscript,Component algorithm deferred to supplement/prior paper in the local manuscript,"Allelic-imbalance profiles from a 54,091-SNP targeted sequencing panel; MIP array for 10 cases",Not reported in sufficient detail in the reviewed local main text,Allelic-imbalance profiles from targeted SNP reads; platform correlation 0.94 in 31 paired samples,Not established in reviewed material,No methylation-array input; targeted SNP read counts/allelic profiles required,Not established in reviewed material,Prespecified additive scar score; logistic association analyses,Fixed distributed SNP panel,Threshold set independent of therapy cohorts; cutoff chosen at fifth percentile of BRCA-deficient scores,Three clinical trial cohorts with prespecified cisplatin analysis,Not established in reviewed material,Two pooled cisplatin trials separate from threshold cohort,AUC 0.761 for RCB0/I and 0.747 for pCR; sensitivity at 42 was 85% and 93%,Cutoff selected independently; no individual prediction interval or cross-cancer calibration,Yes with validated SNP assay,Threshold derived in breast/ovarian; no pan-cancer validation,Commercial assay details partly in supplement/prior paper,Not established in reviewed material,Independent threshold cohort and explicit component sum,Commercial pipeline details incomplete locally; treatment prediction and current HR function are distinct,Defines the reference endpoint and demonstrates independent thresholding,Keep continuous sum primary; store cutoff provenance separately,"The canonical combined score is an unweighted allele-aware LOH+TAI+LST sum. The clinical cutoff was trained in breast/ovarian BRCA-deficient tumors, not pediatric CNS tumors.",A value of 42 is not automatically portable across cancers or assays.,Predict continuous reference HRDsum and do not emit an HRD-high probability without tumor-specific calibration.
L04,Intratumor Heterogeneity of Homologous Recombination Deficiency in Primary Breast Cancer.,2016,HRD / genomic scars,https://pubmed.ncbi.nlm.nih.gov/27601588/,../papers/1193.pdf,pp. 1-6,Newly available full article; methods/results reviewed,REFINES CURRENT PLAN,Prospective primary stage I-III breast cancer multi-region sampling,99 biopsies from 33 tumors; 81 biopsies/32 cancers analyzed; 70 HRD scores from 31 patients,"54,091-SNP NGS capture plus BRCA1/2 and BRCA1 promoter methylation",Allele-imbalance profiles from SNP reads,HRD score >=42 or tumor BRCA mutation,"LOH (>15 Mb subchromosomal) + TAI (to subtelomere, not centromere crossing) + LST (breaks between >10 Mb regions after removing <3 Mb regions)",Subchromosomal LOH greater than 15 Mb,Breaks between adjacent regions greater than 10 Mb after removing regions smaller than 3 Mb,Allelic imbalance extending to a subtelomere without crossing the centromere,"Hidden Markov segmentation of a 54,091-SNP targeted panel; algorithm similar to Popova",Not reported in sufficient detail in the reviewed article,Hidden Markov segmentation; allele-specific CN algorithm similar to Popova,BRCA1 promoter: quantitative NGS at 10 CpGs; array methylation not used,No methylation-array input; SNP allelic read profiles required,Not established in reviewed material,"Reproducibility study, not predictive ML",Not established in reviewed material,Not established in reviewed material,Three spatial biopsies per tumor where material passed,Not established in reviewed material,Not established in reviewed material,Patient-level HRD score intraclass correlation 0.977; category/BRCA status perfect concordance in available biopsies,Intraclass correlation reported; no model probability calibration or individual intervals,Yes after assay QC,No; breast only,Not established in reviewed material,Not established in reviewed material,Direct spatial reproducibility assessment,Small single-center cohort and commercial assay,Supports patient grouping and distinguishes within-tumor from between-tumor variation,Group all patient/model-lineage specimens; never split related biopsies across folds,"Allele-aware HRDsum was spatially reproducible in this small breast cohort, but only 31 patients had scores.",Lineage grouping remains mandatory even when scar scores appear stable within one adult tumor type.,Keep patient/lineage grouped validation; do not treat related PBTP models as independent.
L05,HRDetect is a predictor of BRCA1 and BRCA2 deficiency based on mutational signatures.,2017,HRD / mutational signatures,https://pubmed.ncbi.nlm.nih.gov/28288110/,../papers/2017_HRDetect_is_a_predictor_of_BRCA1_and_BRCA2_deficiency_based_on_mutational_signat.pdf,"pp. 2,4-7",Local abstract and relevant methods/results reviewed; supplementary gaps retained,Not established in reviewed material,Breast discovery; breast/ovarian/pancreatic validation,560 profiled; initial training 22 BRCA-null vs 235 quiet genomes,WGS,"SBS, indel, rearrangement signatures and CN HRD index",BRCA1/2 biallelic deficiency,Not established in reviewed material,Not established in reviewed material,Not established in reviewed material,Not established in reviewed material,Not established in reviewed material,Not established in reviewed material,Not established in reviewed material,Not established in reviewed material,Not established in reviewed material,Not established in reviewed material,Lasso logistic regression,Not established in reviewed material,Not established in reviewed material,Not established in reviewed material,Iterative nested ten-fold CV,Independent adult cancer cohorts,Not established in reviewed material,Not established in reviewed material,Yes with compatible variant pipeline,Not established in reviewed material,Not established in reviewed material,Not established in reviewed material,Not established in reviewed material,Not established in reviewed material,HRD biology and validation,Not established in reviewed material,"HRDetect integrates several mutation classes and estimates BRCA deficiency probability, not HRDsum.",WES does not recover all WGS rearrangement information.,Orthogonal WGS comparator only.
L06,A mutational signature reveals alterations underlying defective homologous recombination repair.,2017,HRD / mutational signatures,https://pubmed.ncbi.nlm.nih.gov/?term=A+mutational+signature+reveals+alterations+underlying+defective+homologous+recombination+repair,,,Unavailable locally; metadata only; no methods inferred,Not established in reviewed material,Not established in reviewed material,Not established in reviewed material,Not established in reviewed material,Not established in reviewed material,Not established in reviewed material,Not established in reviewed material,Not established in reviewed material,Not established in reviewed material,Not established in reviewed material,Not established in reviewed material,Not established in reviewed material,Not established in reviewed material,Not established in reviewed material,Not established in reviewed material,Not established in reviewed material,Not established in reviewed material,Not established in reviewed material,Not established in reviewed material,Not established in reviewed material,Not established in reviewed material,Not established in reviewed material,Not established in reviewed material,Not established in reviewed material,Not established in reviewed material,Not established in reviewed material,Not established in reviewed material,Not established in reviewed material,Not established in reviewed material,Not established in reviewed material,HRD / mutational signatures,Not established in reviewed material,Listed in supplied map; full text unavailable locally.,No methodological inference from title.,Verify relevant methods before relying on this reference.
L07,Copy number signatures and mutational processes in cancer.,2018,HRD / CNV signatures,https://pubmed.ncbi.nlm.nih.gov/?term=Copy+number+signatures+and+mutational+processes+in+cancer,../papers/emss-78219.pdf,pp. 1-12; figures/supplement references thereafter,Newly available author manuscript; main methods/results reviewed,REFINES CURRENT PLAN,"High-grade serous ovarian cancer: BriTROC-1, PCAWG-OV, TCGA-OV",BriTROC 142 patients/300 samples; 91 high-quality discovery profiles; PCAWG 112; TCGA 415,"Shallow WGS, deep WGS, and SNP array",Absolute total-CN segments and breakpoint-derived distributions,Signatures associated with mutational processes including HRD; not canonical HRDsum,Not established in reviewed material,Absent; total/absolute CN signatures are the target representation,Absent; breakpoint distributions are not named canonical LST,Absent,Battenberg used as a paired WGS check; external TCGA/PCAWG absolute CN includes ABSOLUTE/Battenberg sources,QDNAseq plus TP53-VAF probabilistic purity/ploidy/absolute-CN fit; matched WGS checks,QDNAseq plus TP53-VAF probabilistic absolute-CN fit for sWGS; Battenberg paired check; ABSOLUTE for external cohorts,Not established in reviewed material,No methylation arrays; sequencing read-depth inputs,Not established in reviewed material,Mixture models followed by NMF,"Six CN distributions: segment size, breaks/10 Mb, adjacent CN change, segment CN, breaks/arm, oscillating-CN run length","36 mixture components; seven signatures chosen using 1,000 NMF starts and 1,000 permuted nulls",Independent PCAWG-OV and TCGA-OV decompositions; matched sWGS/WGS purity/ploidy in 34 samples,Not established in reviewed material,PCAWG-OV and TCGA-OV,Median signature-weight correlation 0.86 across external cohorts; survival test C-index 0.56,NMF stability and null permutations reported; no individual predictive interval,Exposure assignment possible after signatures fixed,Not demonstrated; HGSOC signatures expected to expand in other cancers,"QDNAseq, Battenberg, ABSOLUTE, FlexMix, NMF, YAPSA",Not established in reviewed material,Explicit resolution/purity/ploidy QC and independent CN-platform checks,Total-CN process signatures are assay/pipeline/ploidy sensitive and not canonical allele-aware scars,Total-CN secondary feature design,Borrow segment/breakpoint distributions only after conumee2 benchmark; record callable denominator and ploidy,The seven signatures were derived from total/absolute CN features with strong quality filtering; the paper explicitly warns that preprocessing and ploidy alter signatures.,This supports a total-CN structural branch but cannot recover LOH or TAI without alleles.,"Keep total-CN features secondary and name them as structural/CN signatures, not HRDsum components."
L08,Signatures of copy number alterations in human cancer.,2022,HRD / CNV signatures,https://pubmed.ncbi.nlm.nih.gov/35705804/,../papers/2022_Signatures_of_copy_number_alterations_in_human_cancer.pdf,"pp. 1-2,9",Local abstract and relevant methods/results reviewed; supplementary gaps retained,Not established in reviewed material,TCGA 33 cancers,9873 discovery; 9699 after described artifact exclusions,Allele-specific CN from multiple genomic assays,"CN states, heterozygosity, segment length",Not established in reviewed material,Not established in reviewed material,Not established in reviewed material,Not established in reviewed material,Not established in reviewed material,Not established in reviewed material,Not established in reviewed material,Not established in reviewed material,Not established in reviewed material,Not established in reviewed material,Not established in reviewed material,Signature decomposition,Not established in reviewed material,Not established in reviewed material,Not established in reviewed material,Not established in reviewed material,Not established in reviewed material,Not established in reviewed material,Not established in reviewed material,Not established in reviewed material,Not established in reviewed material,Not established in reviewed material,Not established in reviewed material,Not established in reviewed material,Genomic instability is not HRD-specific,CN feature design,Not established in reviewed material,"Describes 21 CN signatures; 17 attributed to processes including doubling, LOH and HRD. Feature construction includes allelic information.",Total-intensity CN cannot automatically reproduce allele-specific signature channels.,Borrow burden/length concepts; label partial signatures as surrogates.
L09,Pan-cancer landscape of homologous recombination deficiency.,2020,HRD / classifier,https://pubmed.ncbi.nlm.nih.gov/33149131/,../papers/2020_Pan_cancer_landscape_of_homologous_recombination_deficiency.pdf,"pp. 1-3,9",Local abstract and relevant methods/results reviewed; supplementary gaps retained,Not established in reviewed material,"Hartwig, BRCA-EU, PCAWG","2026 training: 35 BRCA1,89 BRCA2,1902 HRP; landscape 3504 metastatic/1854 primary",WGS,"Mutation-context proportions, SBS/indel/SV",Biallelic BRCA1/2 for supervised development,Not established in reviewed material,Not established in reviewed material,Not established in reviewed material,Not established in reviewed material,Not established in reviewed material,Not established in reviewed material,Not established in reviewed material,Not established in reviewed material,Not established in reviewed material,Not established in reviewed material,Random forest CHORD,Not established in reviewed material,Not established in reviewed material,Not established in reviewed material,Not established in reviewed material,BRCA-EU and PCAWG; some HRDetect development overlap,"CV HRD AUROC 0.98, AUPRC 0.87; selected external subsets >0.98/>0.93",Not established in reviewed material,Yes with mutation-count and MSI QC,Adult evidence; pediatric unproven,Not established in reviewed material,Not established in reviewed material,Not established in reviewed material,Not established in reviewed material,Transfer-validation precedent,Not established in reviewed material,"CHORD validates across cancers and discusses historical scars, mutation-count QC and variant-caller dependence.",QC-failed low-mutation pediatric genomes cannot be called HR-proficient.,Keep probability and QC as separate orthogonal evidence.
L10,Pan-cancer analysis of genomic scar patterns caused by homologous repair deficiency (HRD).,2022,HRD / TCGA,https://pubmed.ncbi.nlm.nih.gov/35681079/,../papers/2022_Pan_cancer_analysis_of_genomic_scar_patterns_caused_by_homologous_repair_deficie.pdf,"pp. 1,6-8,10-11",Local abstract and relevant methods/results reviewed; supplementary gaps retained,Not established in reviewed material,TCGA 33 cancers; OV WES subset,8847 integrated tumors; assay Ns differ,SNP arrays and WES,Not established in reviewed material,HRDsum and HRR alteration classes assessed separately,TAI+LST+LOH; HRDscar named in text,Not established in reviewed material,Not established in reviewed material,Not established in reviewed material,Not established in reviewed material,Not established in reviewed material,ASCAT full cohort; Sequenza WES OV,Not established in reviewed material,Not established in reviewed material,Not established in reviewed material,Not established in reviewed material,Not established in reviewed material,Not established in reviewed material,Assay comparison; purity dilution; within-cancer association,"Leave-one-out cutpoint comparison, not leave-one-cancer-out",Not established in reviewed material,Not established in reviewed material,Not established in reviewed material,Not established in reviewed material,Not established in reviewed material,Not established in reviewed material,Not established in reviewed material,Not established in reviewed material,Not established in reviewed material,Ground truth and thresholds,Not established in reviewed material,Pan-cancer scores use SNP-array ASCAT; WES is an ovarian comparison. Cutpoints and purity effects differ by cancer.,Prior reading-map wording about WES pan-cancer labels is misleading.,One versioned target; paired comparison before pooling labels.
L11,Inferring Homologous Recombination Deficiency of Ovarian Cancer From the Landscape of Copy Number Variation at Subchromosomal and Genetic Resolutions.,2022,HRD / CNV,https://pubmed.ncbi.nlm.nih.gov/34976815/,../papers/2022_Inferring_Homologous_Recombination_Deficiency_of_Ovarian_Cancer_From_the_Landsca.pdf,pp. 1-3,Local abstract and relevant methods/results reviewed; supplementary gaps retained,Not established in reviewed material,TCGA OV; AOCS; pan-cancer,"587 TCGA OV CNV; 93 AOCS, labels in 80",Genomic CNV,Not established in reviewed material,TCGA scar vs AOCS mutations/methylation,Not established in reviewed material,Not established in reviewed material,Not established in reviewed material,Not established in reviewed material,Not established in reviewed material,Not established in reviewed material,Not established in reviewed material,Not established in reviewed material,Not established in reviewed material,Not established in reviewed material,Not established in reviewed material,Not established in reviewed material,Not established in reviewed material,"TCGA discovery, AOCS association replication",Not established in reviewed material,Not established in reviewed material,Not established in reviewed material,Not established in reviewed material,Not established in reviewed material,Not established in reviewed material,Not established in reviewed material,Not established in reviewed material,Not established in reviewed material,Not established in reviewed material,CNV association precedent,Not established in reviewed material,8q24.2/5q13.2/19q12 events associate with OV HRD. External labels differ. PDF date is December 2021; CSV says 2022.,Cross-cohort association is not calibration of the same continuous endpoint.,Keep ovarian loci exploratory.
L12,Genomic Scar Score: A robust model predicting homologous recombination deficiency based on genomic instability.,2023,HRD / ML,https://pubmed.ncbi.nlm.nih.gov/36485068/,../papers/BJOG - 2022 - Yuan - Genomic Scar Score  A robust model predicting homologous recombination deficiency based on genomic.pdf,pp. 1-7; Methods pp. 2-4,Newly available full article; methods/results reviewed,CONFIRMS CURRENT PLAN,Ovarian and breast development; ovarian PARPi cohort,"377 unique development/test patients (305 on 24K, 203 on 72K, 131 overlapping); training extremes 96; independent extreme test 89; PARPi cohort 58",24K or 72K genome-distributed SNP capture panels,"Sequenza allele-specific CN, BAF, purity and ploidy",gBRCA biallelic deficiency versus quiescent genomes for SVM training,GSS is an SVM probability from 28 categorized allele-specific CN features; not LOH+LST+TAI HRDsum,Not a canonical standalone component; LOH-related event categories enter the 28-feature SVM,Not a canonical standalone component; breakpoints enter the feature set,Not a canonical standalone component,Sequenza v3 on hg19 using read depth and B-allele frequency,Sequenza estimates purity and ploidy; values are explicit inputs/context,"Sequenza v3 hg19, default parameters, read depth plus BAF",Not established in reviewed material,No methylation arrays; 24K/72K SNP-capture reads required,Not established in reviewed material,Linear support vector machine,CN events by length/site/type plus breakpoints; features retained only if occurrence count exceeded training N,Penalty C chosen by three-fold internal CV; extremes used for training,Independent BRCA-deficient/quiescent test; panel concordance; separate PARPi outcome cohort,Not established in reviewed material,58 ovarian PARPi-treated patients,"24K test AUC 0.996, accuracy 95.5%; 24K/72K r=0.89; PARPi PFS 9.4 vs 4.4 months",SVM probability used; formal calibration and individual uncertainty not reported,Yes with the validated SNP panel and frozen SVM,Breast/ovarian only,"BWA, GATK, MuTect2, ANNOVAR, Sequenza, scikit-learn 0.22.1",Not established in reviewed material,Interpretable allele-specific CN features and cross-panel comparison,Extreme-group design inflates discrimination; no pediatric/cancer-held-out transfer; probability scale differs from HRDsum,Serious secondary model comparator if allele-aware data are available,Do not port its features to methylation total CN; possible WGS-reference comparator after development,"Despite broad wording about chromosomal CN, the model requires Sequenza BAF-derived allele-specific CN and purity/ploidy.",Its high AUC does not show canonical scars can be obtained from methylation total CN.,Do not replace elastic-net CpG regression; consider only as an allele-aware genomic comparator.
L13,Clinical evaluation of a low-coverage whole-genome test for detecting homologous recombination deficiency in ovarian cancer.,2024,HRD / assays,https://pubmed.ncbi.nlm.nih.gov/38471290/,../papers/2024_Clinical_evaluation_of_a_low_coverage_whole_genome_test_for_detecting_homologous.pdf,"pp. 1,3; local preprint",Local abstract and relevant methods/results reviewed; supplementary gaps retained,Not established in reviewed material,PAOLA-1 ovarian,368,Shallow WGS,Not established in reviewed material,MyChoice comparator and PFS,Not established in reviewed material,Not established in reviewed material,Not established in reviewed material,Not established in reviewed material,Not established in reviewed material,Not established in reviewed material,Not established in reviewed material,Not established in reviewed material,Not established in reviewed material,Not established in reviewed material,Not established in reviewed material,Not established in reviewed material,Not established in reviewed material,Retrospective paired assays,Not established in reviewed material,Not established in reviewed material,"95% concordance, CI 92-97%",Not established in reviewed material,Not established in reviewed material,Not established in reviewed material,Not established in reviewed material,Not established in reviewed material,Not established in reviewed material,Not established in reviewed material,Assay agreement,Not established in reviewed material,The local file is a medRxiv preprint version of a shallow-WGS HRD evaluation.,Its clinical agreement cannot establish methylation-CN equivalence.,Use paired-assay validation design; verify final version before citing clinical conclusions.
L14,Leveraging Off-Target Reads in Panel Sequencing for Homologous Recombination Repair Deficiency Screening in Tumor.,2024,HRD / assays,https://pubmed.ncbi.nlm.nih.gov/38522840/,../papers/2024_Leveraging_Off_Target_Reads_in_Panel_Sequencing_for_Homologous_Recombination_Rep.pdf,"pp. 2-4,6",Local abstract and relevant methods/results reviewed; supplementary gaps retained,Not established in reviewed material,UKHD panel cohort; selected WES subset,1843 panel samples; 34 WES reference cases,"TSO500 off-target reads, paired WES",Not established in reviewed material,WES modified scarHRD,Not established in reviewed material,Not established in reviewed material,Not established in reviewed material,Not established in reviewed material,Not established in reviewed material,Not established in reviewed material,GATK 100 kb OTR bins; 30 normals; Sequenza WES,Not established in reviewed material,Not established in reviewed material,Not established in reviewed material,Linear HRDest bridging factor,Not established in reviewed material,Not established in reviewed material,Not established in reviewed material,Not established in reviewed material,Not established in reviewed material,OTR/WES Spearman 0.89; AUC 0.90 (0.79-1) in 34 cases,Not established in reviewed material,Not established in reviewed material,Not established in reviewed material,Not established in reviewed material,Not established in reviewed material,Not established in reviewed material,Small selected reference; portability unproven,Surrogate precedent and naming conflict,Not established in reviewed material,Calls OTR features TAI+LST despite sparse SNP information; multiplies by 1.2 for HRDest (1.3 in TCGA/WES-only comparison). Reference cases span a selected wide score range.,TAI terminology does not prove allele recovery. Range selection and calibration/evaluation reuse limit transportability.,Name our total-CN telomere feature telomeric_CNV_burden; require paired allele-specific validation.
L15,"Recommendations for Clinical Molecular Laboratories for Detection of Homologous Recombination Deficiency in Cancer: A Joint Consensus Recommendation of the Association for Molecular Pathology, Association of Cancer Care Centers, and College of American Pathologists.",2025,HRD / clinical methods,https://pubmed.ncbi.nlm.nih.gov/40517897/,../papers/1-s2.0-S1525157825001369-main.pdf,pp. 1-16; recommendations pp. 10-14,Newly available consensus article; recommendations and validation sections reviewed,REFINES CURRENT PLAN,Scoping review of human tissue studies plus international laboratory survey,140 survey respondents (61 performing/validating HRD); 62 reviewed studies assessed HRR promoter methylation,Multiple clinical molecular methods,Not established in reviewed material,No universal definition; components and composite must be declared,Not established in reviewed material,Consensus requires the laboratory to state the operational definition; no single universal rule imposed,Consensus requires the laboratory to state the operational definition; no single universal rule imposed,Consensus requires the laboratory to state the operational definition; no single universal rule imposed,Varies by validated assay,Specimen and tumor-content requirements must be validated and reported; no single caller prescribed,Not established in reviewed material,Not established in reviewed material,Not applicable; multiple assay families considered,Not established in reviewed material,"Consensus recommendations, not a predictive model",Not established in reviewed material,Not established in reviewed material,"Double-reviewed scoping extraction, survey, external review and consensus vote",Not established in reviewed material,Not established in reviewed material,Not established in reviewed material,Tumor-specific cutoffs and individual/composite performance should be validated; no universal calibration,Guidance applies to clinical single-sample assays,Requires tumor-specific cutoffs or explicit insufficient-evidence statement,Not established in reviewed material,Not established in reviewed material,Current laboratory validation/reporting guidance,Does not establish clinical utility or validate methylation-to-HRDsum prediction,Validation/reporting contract,"Record tumor content, comparator use, loci/distribution, components, algorithm, cutoff provenance and individual/composite performance","The consensus recommends declaring specimen/tumor-content requirements, validating BRCA-wild-type HRD-positive samples, documenting each scar and its detection method, and using tumor-specific cutoffs. BRCA1/RAD51C promoter methylation may be considered, but relevant thresholds remain unclear.",A pan-cancer binary threshold or unlabeled composite would be scientifically weak for KIDS26.,Keep continuous output primary; add assay provenance and tumor-specific cutoff warnings; make promoter methylation an orthogonal annotation.
L16,Patient Assessment and Therapy Planning Based on Homologous Recombination Repair Deficiency.,2023,HRD / review,https://pubmed.ncbi.nlm.nih.gov/36791952/,../papers/2023_Patient_Assessment_and_Therapy_Planning_Based_on_Homologous_Recombination_Repair.pdf,pp. 1-3,Local abstract and relevant methods/results reviewed; supplementary gaps retained,Not established in reviewed material,Not established in reviewed material,Not established in reviewed material,Not established in reviewed material,Not established in reviewed material,Not established in reviewed material,Not established in reviewed material,Not established in reviewed material,Not established in reviewed material,Not established in reviewed material,Not established in reviewed material,Not established in reviewed material,Not established in reviewed material,Not established in reviewed material,Not established in reviewed material,Not established in reviewed material,Review,Not established in reviewed material,Not established in reviewed material,Not established in reviewed material,Not established in reviewed material,Not established in reviewed material,Not established in reviewed material,Not established in reviewed material,Not established in reviewed material,Not established in reviewed material,Not established in reviewed material,Not established in reviewed material,Not established in reviewed material,Not established in reviewed material,Claims,Not established in reviewed material,Reviews non-equivalent HRD assays and breast/ovarian origin of GIS 42.,Public scar sums cannot inherit commercial clinical claims.,"Separate phenotype, assay, cutoff and clinical endpoint."
L17,Biomarkers for Homologous Recombination Deficiency in Cancer.,2018,HRD / review,https://pubmed.ncbi.nlm.nih.gov/29788099/,,,Unavailable locally; metadata only; no methods inferred,Not established in reviewed material,Not established in reviewed material,Not established in reviewed material,Not established in reviewed material,Not established in reviewed material,Not established in reviewed material,Not established in reviewed material,Not established in reviewed material,Not established in reviewed material,Not established in reviewed material,Not established in reviewed material,Not established in reviewed material,Not established in reviewed material,Not established in reviewed material,Not established in reviewed material,Not established in reviewed material,Not established in reviewed material,Not established in reviewed material,Not established in reviewed material,Not established in reviewed material,Not established in reviewed material,Not established in reviewed material,Not established in reviewed material,Not established in reviewed material,Not established in reviewed material,Not established in reviewed material,Not established in reviewed material,Not established in reviewed material,Not established in reviewed material,Not established in reviewed material,HRD / review,Not established in reviewed material,Listed in supplied map; full text unavailable locally.,No methodological inference from title.,Verify relevant methods before relying on this reference.
L18,Biomarkers for Homologous Recombination Deficiency in Cancer.,2021,HRD / review,https://pubmed.ncbi.nlm.nih.gov/34203281/,../papers/2021_Biomarkers_for_Homologous_Recombination_Deficiency_in_Cancer.pdf,"pp. 1,8",Local abstract and relevant methods/results reviewed; supplementary gaps retained,Not established in reviewed material,Not established in reviewed material,Not established in reviewed material,Not established in reviewed material,Not established in reviewed material,Not established in reviewed material,Not established in reviewed material,Not established in reviewed material,Not established in reviewed material,Not established in reviewed material,Not established in reviewed material,Not established in reviewed material,Not established in reviewed material,Not established in reviewed material,Not established in reviewed material,Not established in reviewed material,Review,Not established in reviewed material,Not established in reviewed material,Not established in reviewed material,Not established in reviewed material,Not established in reviewed material,Not established in reviewed material,Not established in reviewed material,Not established in reviewed material,Not established in reviewed material,Not established in reviewed material,Not established in reviewed material,Not established in reviewed material,Not established in reviewed material,Target limits,Not established in reviewed material,Discusses combined scars and limitations for current repair status.,HRDsum is a historical phenotype.,Add functional corroboration later.
L19,Homologous Recombination Repair Deficiency: An Overview for Pathologists.,2023,HRD / review,https://pubmed.ncbi.nlm.nih.gov/36788098/,../papers/1-s2.0-S089339522200480X-main.pdf,pp. 1-7,Newly available review; relevant definitions/limitations reviewed,CONFIRMS CURRENT PLAN,"Review across breast, ovarian, prostate, pancreatic and other cancers",Not applicable - narrative review,"HRR gene panels, genomic scars, mutational signatures and functional assays",Not established in reviewed material,Multiple non-equivalent biomarker classes,Not established in reviewed material,Absent from reviewed paper or not reported,Absent from reviewed paper or not reported,Absent from reviewed paper or not reported,Absent from reviewed paper or not reported,Absent from reviewed paper or not reported,Not established in reviewed material,Not established in reviewed material,Absent from reviewed paper or not reported,Not established in reviewed material,Narrative review,Not established in reviewed material,Not established in reviewed material,Not established in reviewed material,Not established in reviewed material,Not established in reviewed material,Not established in reviewed material,Absent from reviewed paper or not reported,Not established in reviewed material,Not established in reviewed material,Not established in reviewed material,Not established in reviewed material,Not established in reviewed material,Some glossary definitions simplify canonical algorithms,Assay-claim boundaries,Not established in reviewed material,"Low tumor purity and heterogeneity impair mutation, scar and signature detection; scars can reflect etiology without proving current HR function.",KIDS26 requires purity-aware evaluation and cannot make therapy claims from predicted historical scars.,Preserve research-only continuous phenotype language and orthogonal functional corroboration roadmap.
L20,"Homologous recombination deficiency in breast cancer: Implications for risk, cancer development, and therapy.",2021,HRD / review,https://pubmed.ncbi.nlm.nih.gov/33247475/,../papers/2021_Homologous_recombination_deficiency_in_breast_cancer_Implications_for_risk_cance.pdf,"pp. 13,18; manuscript",Local abstract and relevant methods/results reviewed; supplementary gaps retained,Not established in reviewed material,Not established in reviewed material,Not established in reviewed material,Not established in reviewed material,Not established in reviewed material,Not established in reviewed material,Not established in reviewed material,Not established in reviewed material,Not established in reviewed material,Not established in reviewed material,Not established in reviewed material,Not established in reviewed material,Not established in reviewed material,Not established in reviewed material,Not established in reviewed material,Not established in reviewed material,Review,Not established in reviewed material,Not established in reviewed material,Not established in reviewed material,Not established in reviewed material,Not established in reviewed material,Not established in reviewed material,Not established in reviewed material,Not established in reviewed material,Not established in reviewed material,Not established in reviewed material,Not established in reviewed material,Not established in reviewed material,Not established in reviewed material,Claims,Not established in reviewed material,Discusses breast HRD and persistent scars after repair-restoring reversion.,Therapy response and scar prediction differ.,No therapeutic eligibility from prototype.
L21,ESMO recommendations on predictive biomarker testing for homologous recombination deficiency and PARP inhibitor benefit in ovarian cancer.,2020,PARP / clinical,https://pubmed.ncbi.nlm.nih.gov/33004253/,,,Unavailable locally; metadata only; no methods inferred,Not established in reviewed material,Not established in reviewed material,Not established in reviewed material,Not established in reviewed material,Not established in reviewed material,Not established in reviewed material,Not established in reviewed material,Not established in reviewed material,Not established in reviewed material,Not established in reviewed material,Not established in reviewed material,Not established in reviewed material,Not established in reviewed material,Not established in reviewed material,Not established in reviewed material,Not established in reviewed material,Not established in reviewed material,Not established in reviewed material,Not established in reviewed material,Not established in reviewed material,Not established in reviewed material,Not established in reviewed material,Not established in reviewed material,Not established in reviewed material,Not established in reviewed material,Not established in reviewed material,Not established in reviewed material,Not established in reviewed material,Not established in reviewed material,Not established in reviewed material,PARP / clinical,Not established in reviewed material,Listed in supplied map; full text unavailable locally.,No methodological inference from title.,Verify relevant methods before relying on this reference.
L22,Ovarian Cancer Therapy: Homologous Recombination Deficiency as a Predictive Biomarker of Response to PARP Inhibitors.,2022,PARP / clinical,https://pubmed.ncbi.nlm.nih.gov/36217436/,../papers/2022_Ovarian_Cancer_Therapy_Homologous_Recombination_Deficiency_as_a_Predictive_Bioma.pdf,pp. 1-6,Local abstract and relevant methods/results reviewed; supplementary gaps retained,Not established in reviewed material,Not established in reviewed material,Not established in reviewed material,Not established in reviewed material,Not established in reviewed material,Not established in reviewed material,Not established in reviewed material,Not established in reviewed material,Not established in reviewed material,Not established in reviewed material,Not established in reviewed material,Not established in reviewed material,Not established in reviewed material,Not established in reviewed material,Not established in reviewed material,Not established in reviewed material,Review,Not established in reviewed material,Not established in reviewed material,Not established in reviewed material,Not established in reviewed material,Not established in reviewed material,Not established in reviewed material,Not established in reviewed material,Not established in reviewed material,Not established in reviewed material,Not established in reviewed material,Not established in reviewed material,Not established in reviewed material,Not established in reviewed material,Context,Not established in reviewed material,Summarizes ovarian PARPi trials and HRD assays at publication.,Historical drug indications are time dependent.,Biological background only.
L23,Comparison of PARPi efficacy according to homologous recombination deficiency biomarkers in patients with ovarian cancer: a systematic review and meta-analysis.,2023,PARP / clinical,https://pubmed.ncbi.nlm.nih.gov/37211773/,../papers/113706-PB12-2453-R2.pdf,pp. 1-7,Newly available systematic review/meta-analysis; methods/results reviewed,CONFIRMS CURRENT PLAN,Randomized ovarian PARPi trials,Trials/subgroups vary; pooled trial-level biomarker comparisons,"BRCA mutation, genomic LOH, or myChoice GIS depending on trial",Not established in reviewed material,Trial-specific non-equivalent HRD biomarkers,Not established in reviewed material,Absent from reviewed paper or not reported,Absent from reviewed paper or not reported,Absent from reviewed paper or not reported,Absent from reviewed paper or not reported,Absent from reviewed paper or not reported,Not established in reviewed material,Not established in reviewed material,Absent from reviewed paper or not reported,Not established in reviewed material,Random-effects meta-analysis,Not established in reviewed material,Not established in reviewed material,PRISMA review; protocol CRD42021248112,Not established in reviewed material,Not established in reviewed material,Not established in reviewed material,Absent from reviewed paper or not reported,Depends on contributing clinical assay,Not established in reviewed material,Not established in reviewed material,Not established in reviewed material,Directly compares clinical enrichment across biomarker definitions,Aggregate heterogeneous trials; no methylation-array HRD method,Clinical context only,Not established in reviewed material,The meta-analysis treats Foundation genomic LOH and myChoice LOH+TAI+LST as different biomarker definitions.,Correlated scar assays are not interchangeable labels.,Keep one versioned reference endpoint and do not inherit clinical claims.
L24,BRCAness revisited.,2016,PARP / review,https://pubmed.ncbi.nlm.nih.gov/26775620/,../papers/nrc.2015.21.pdf,pp. 1-10,Newly available review; relevant biology/scar sections reviewed,CONFIRMS CURRENT PLAN,Review across BRCAness cancers,Not applicable - narrative review,"Genomic, expression, methylation and functional evidence discussed",Not established in reviewed material,Mechanistic BRCAness rather than one operational score,Not established in reviewed material,Absent from reviewed paper or not reported,Absent from reviewed paper or not reported,Absent from reviewed paper or not reported,Absent from reviewed paper or not reported,Absent from reviewed paper or not reported,Not established in reviewed material,Not established in reviewed material,Absent from reviewed paper or not reported,Not established in reviewed material,Narrative review,Not established in reviewed material,Not established in reviewed material,Not established in reviewed material,Not established in reviewed material,Not established in reviewed material,Not established in reviewed material,Absent from reviewed paper or not reported,Not established in reviewed material,Not established in reviewed material,Not established in reviewed material,Not established in reviewed material,Not established in reviewed material,Predates many current assays and does not validate methylation-array prediction,Biological interpretation,Not established in reviewed material,Genomic scars portray tumor history and may be collateral consequences rather than current drivers.,A scar predictor is not a direct functional-HR measurement.,Maintain historical-scar language and separate current resistance mechanisms.
L25,PARP inhibitors: Synthetic lethality in the clinic.,2017,PARP / review,https://pubmed.ncbi.nlm.nih.gov/28302823/,../papers/2017_PARP_inhibitors_Synthetic_lethality_in_the_clinic.pdf,pp. 1-4,Local abstract and relevant methods/results reviewed; supplementary gaps retained,Not established in reviewed material,Not established in reviewed material,Not established in reviewed material,Not established in reviewed material,Not established in reviewed material,Not established in reviewed material,Not established in reviewed material,Not established in reviewed material,Not established in reviewed material,Not established in reviewed material,Not established in reviewed material,Not established in reviewed material,Not established in reviewed material,Not established in reviewed material,Not established in reviewed material,Not established in reviewed material,Review,Not established in reviewed material,Not established in reviewed material,Not established in reviewed material,Not established in reviewed material,Not established in reviewed material,Not established in reviewed material,Not established in reviewed material,Not established in reviewed material,Not established in reviewed material,Not established in reviewed material,Not established in reviewed material,Not established in reviewed material,Not established in reviewed material,Biology,Not established in reviewed material,"Reviews PARP synthetic lethality, unrelated to synthetic-data generation.",Mechanism motivates but does not validate prediction.,Background only.
L26,PARP Inhibitors as a Therapeutic Agent for Homologous Recombination Deficiency in Breast Cancers.,2019,PARP / review,https://pubmed.ncbi.nlm.nih.gov/30934991/,../papers/2019_PARP_Inhibitors_as_a_Therapeutic_Agent_for_Homologous_Recombination_Deficiency_in_.pdf,"pp. 1,10-11",Local abstract and relevant methods/results reviewed; supplementary gaps retained,Not established in reviewed material,Not established in reviewed material,Not established in reviewed material,Not established in reviewed material,Not established in reviewed material,Not established in reviewed material,Not established in reviewed material,Not established in reviewed material,Not established in reviewed material,Not established in reviewed material,Not established in reviewed material,Not established in reviewed material,Not established in reviewed material,Not established in reviewed material,Not established in reviewed material,Not established in reviewed material,Review,Not established in reviewed material,Not established in reviewed material,Not established in reviewed material,Not established in reviewed material,Not established in reviewed material,Not established in reviewed material,Not established in reviewed material,Not established in reviewed material,Not established in reviewed material,Not established in reviewed material,Not established in reviewed material,Not established in reviewed material,Not established in reviewed material,Biology,Not established in reviewed material,Reviews breast PARPi mechanisms and trials.,Adult efficacy does not validate pediatric scar predictions.,Research phenotype claims only.
L27,DNA repair biomarkers to guide usage of combined PARP inhibitors and chemotherapy: A meta-analysis and systematic review.,2023,PARP / biomarkers,https://pubmed.ncbi.nlm.nih.gov/37717683/,../papers/1-s2.0-S1043661823002839-main.pdf,pp. 1-11,Newly available systematic review/meta-analysis; methods/results reviewed,INTERESTING BUT NOT HACKATHON-CRITICAL,Nine combination-therapy studies across cancers,"2,547 patients","BRCA1/2, HRD assays, ATM, ERCC1 or SLFN11 depending on trial",Not established in reviewed material,Heterogeneous DNA-repair biomarkers,Not established in reviewed material,Absent from reviewed paper or not reported,Absent from reviewed paper or not reported,Absent from reviewed paper or not reported,Absent from reviewed paper or not reported,Absent from reviewed paper or not reported,Not established in reviewed material,Not established in reviewed material,Absent from reviewed paper or not reported,Not established in reviewed material,Fixed/random-effects inverse-variance meta-analysis,Not established in reviewed material,Not established in reviewed material,Systematic review with biomarker and malignancy subgroups,Not established in reviewed material,Not established in reviewed material,Biomarker-positive PFS HR 0.57; biomarker-negative HR 0.94,Absent from reviewed paper or not reported,Not established in reviewed material,Not established in reviewed material,Not established in reviewed material,Not established in reviewed material,Not established in reviewed material,"Combination therapy, heterogeneous biomarkers, no methylation-array predictor",Clinical motivation only,Not established in reviewed material,The clinical meta-analysis pools distinct DNA-repair biomarkers and does not validate a common numeric HRD scale.,Clinical enrichment cannot validate predicted TCGA HRDsum.,Do not use treatment response as the hackathon training target.
L28,"Rucaparib maintenance treatment for recurrent ovarian carcinoma after response to platinum therapy (ARIEL3): a randomised, double-blind, placebo-controlled, phase 3 trial.",2017,PARP / trial,https://pubmed.ncbi.nlm.nih.gov/28916367/,../papers/nihms956813.pdf,pp. 1-15,Newly available trial manuscript; biomarker design/results reviewed,CONFIRMS CURRENT PLAN,ARIEL3 recurrent platinum-sensitive high-grade ovarian carcinoma,564 randomized patients,Foundation Medicine targeted NGS; BRCA mutation and genome-wide LOH,SNP/read-depth genome-wide LOH from targeted sequencing,"Nested BRCA-mutant, HRD (BRCA mutation or high LOH), and intention-to-treat groups","Percent genome-wide LOH, not LOH+LST+TAI HRDsum",Absent from reviewed paper or not reported,Absent from reviewed paper or not reported,Absent from reviewed paper or not reported,Absent from reviewed paper or not reported,Absent from reviewed paper or not reported,Not established in reviewed material,Not established in reviewed material,Absent from reviewed paper or not reported,Not established in reviewed material,Randomized phase III treatment trial,Not established in reviewed material,Not established in reviewed material,Not established in reviewed material,Not established in reviewed material,Not applicable; trial endpoints,Not established in reviewed material,Absent from reviewed paper or not reported,Yes with the commercial assay,Not established in reviewed material,Not established in reviewed material,Not established in reviewed material,Not established in reviewed material,Clinical biomarker and cutoff differ from canonical HRDsum,Illustrates non-equivalent scar targets,Not established in reviewed material,"ARIEL3 used genome-wide LOH, not the three-component HRDsum.",Its clinical threshold cannot calibrate KIDS26.,Preserve endpoint names and provenance.
L29,Homologous Recombination Repair Gene Mutations to Predict Olaparib Plus Bevacizumab Efficacy in the First-Line Ovarian Cancer PAOLA-1/ENGOT-ov25 Trial.,2023,PARP / trial,https://pubmed.ncbi.nlm.nih.gov/36716415/,../papers/2023_Homologous_Recombination_Repair_Gene_Mutations_to_Predict_Olaparib_Plus_Bevacizu.pdf,"pp. 1,3,8",Local abstract and relevant methods/results reviewed; supplementary gaps retained,Not established in reviewed material,PAOLA-1 ovarian,806 randomized; small gene-panel subsets,MyChoice HRD Plus,Not established in reviewed material,GIS>=42 and trial BRCA definitions,Not established in reviewed material,Not established in reviewed material,Not established in reviewed material,Not established in reviewed material,Not established in reviewed material,Not established in reviewed material,Not established in reviewed material,Not established in reviewed material,Not established in reviewed material,Not established in reviewed material,Clinical subgroup analysis,Not established in reviewed material,Not established in reviewed material,Not established in reviewed material,Not established in reviewed material,Not established in reviewed material,Not established in reviewed material,Not established in reviewed material,Not established in reviewed material,Not established in reviewed material,Not established in reviewed material,Not established in reviewed material,Not established in reviewed material,Not established in reviewed material,Ground truth,Not established in reviewed material,Non-BRCA HRR mutation panels did not predict maintenance benefit; biallelic frequencies varied.,Any HRR mutation is not a universal positive label.,Use curated biallelic defects as corroboration.
L30,Clinical and molecular characteristics of ARIEL3 patients who derived exceptional benefit from rucaparib maintenance treatment for high-grade ovarian carcinoma.,2022,PARP / biomarkers,https://pubmed.ncbi.nlm.nih.gov/36273926/,,,Unavailable locally; metadata only; no methods inferred,Not established in reviewed material,Not established in reviewed material,Not established in reviewed material,Not established in reviewed material,Not established in reviewed material,Not established in reviewed material,Not established in reviewed material,Not established in reviewed material,Not established in reviewed material,Not established in reviewed material,Not established in reviewed material,Not established in reviewed material,Not established in reviewed material,Not established in reviewed material,Not established in reviewed material,Not established in reviewed material,Not established in reviewed material,Not established in reviewed material,Not established in reviewed material,Not established in reviewed material,Not established in reviewed material,Not established in reviewed material,Not established in reviewed material,Not established in reviewed material,Not established in reviewed material,Not established in reviewed material,Not established in reviewed material,Not established in reviewed material,Not established in reviewed material,Not established in reviewed material,PARP / biomarkers,Not established in reviewed material,Listed in supplied map; full text unavailable locally.,No methodological inference from title.,Verify relevant methods before relying on this reference.
L31,BRCA1 gene promoter methylation status in high-grade serous ovarian cancer patients--a study of the tumour Bank ovarian cancer (TOC) and ovarian cancer diagnosis consortium (OVCAD).,2014,Methylation / BRCA1,https://pubmed.ncbi.nlm.nih.gov/24889916/,../papers/1-s2.0-S0959804914006492-main.pdf,pp. 1-7,Newly available full article; assay and outcome sections reviewed,CONFIRMS CURRENT PLAN,Primary high-grade serous ovarian cancer,257; BRCA1 exon-11-negative subgroup 107,Targeted BRCA1 promoter methylation PCR on fresh-frozen tissue,Selected promoter-region methylation,No genomic HRDsum; association with clinical features/survival,Not established in reviewed material,Absent from reviewed paper or not reported,Absent from reviewed paper or not reported,Absent from reviewed paper or not reported,Absent from reviewed paper or not reported,Absent from reviewed paper or not reported,Not established in reviewed material,Not established in reviewed material,Absent from reviewed paper or not reported,Not established in reviewed material,Clinical association study,Not established in reviewed material,Not established in reviewed material,Mutation-negative subgroup analysis; no external cohort,Not established in reviewed material,Not established in reviewed material,14.8% hypermethylated; no significant PFS/OS association,Absent from reviewed paper or not reported,Yes for the targeted assay,No,Not established in reviewed material,Not established in reviewed material,Not established in reviewed material,Single promoter region; no allele dosage or genomic-scar validation,Orthogonal current-mechanism annotation,Not established in reviewed material,BRCA1 promoter methylation alone was not associated with PFS or OS in this cohort.,Single-gene methylation is neither a universal HRD label nor a substitute for HRDsum.,"Keep promoter status as an orthogonal feature/interpretation, not primary ground truth."
L32,BRCA1 promoter methylation is a marker of better response to platinum-taxane-based therapy in sporadic epithelial ovarian cancer.,2014,Methylation / BRCA1,https://pubmed.ncbi.nlm.nih.gov/24825122/,../papers/2014_BRCA1_promoter_methylation_is_a_marker_of_better_response_to_platinum_taxane_bas.pdf,pp. 1-3,Local abstract and relevant methods/results reviewed; supplementary gaps retained,Not established in reviewed material,Sporadic ovarian,42 discovery;137 validation,Methylation-specific PCR,Not established in reviewed material,"Treatment/recurrence association, no canonical sum",Not established in reviewed material,Not established in reviewed material,Not established in reviewed material,Not established in reviewed material,Not established in reviewed material,Not established in reviewed material,Not established in reviewed material,Not established in reviewed material,Not established in reviewed material,Not established in reviewed material,Not established in reviewed material,Not established in reviewed material,Not established in reviewed material,Not established in reviewed material,Not established in reviewed material,Not established in reviewed material,Not established in reviewed material,Not established in reviewed material,Not established in reviewed material,Not established in reviewed material,Not established in reviewed material,Not established in reviewed material,Not established in reviewed material,Not established in reviewed material,Promoter biology,Not established in reviewed material,BRCA1 methylation investigated in two ovarian cohorts receiving platinum/taxane.,Promoter positivity is assay-specific.,Mechanistic context only.
L33,Methylation of all BRCA1 copies predicts response to the PARP inhibitor rucaparib in ovarian carcinoma.,2018,Methylation / PARP,https://pubmed.ncbi.nlm.nih.gov/30266954/,../papers/2018_Methylation_of_all_BRCA1_copies_predicts_response_to_the_PARP_inhibitor_rucapari.pdf,"pp. 7,11-13",Local abstract and relevant methods/results reviewed; supplementary gaps retained,Not established in reviewed material,HGSOC PDX/ARIEL2,21 methylated cases among 204 trial patients; analyzable subsets differ,"MS-ddPCR, CN, RNA-seq, PDX",Not established in reviewed material,Methylation zygosity and rucaparib response,Not established in reviewed material,Not established in reviewed material,Not established in reviewed material,Not established in reviewed material,Not established in reviewed material,Not established in reviewed material,Not established in reviewed material,Methylated fraction adjusted for purity and BRCA1 copy number,Not established in reviewed material,Not established in reviewed material,Not established in reviewed material,Not established in reviewed material,Not established in reviewed material,Not established in reviewed material,Not established in reviewed material,Not established in reviewed material,Not established in reviewed material,Not established in reviewed material,Not established in reviewed material,Not established in reviewed material,Not established in reviewed material,Not established in reviewed material,Not established in reviewed material,Not established in reviewed material,Purity and mechanisms,Not established in reviewed material,Methylation of all BRCA1 copies and current biopsy status matter; low purity can prevent zygosity inference.,A promoter beta cutoff ignores dosage/purity.,Do not use BRCA1 beta positivity as ground truth.
L34,Acquired RAD51C Promoter Methylation Loss Causes PARP Inhibitor Resistance in High-Grade Serous Ovarian Carcinoma.,2021,Methylation / PARP,https://pubmed.ncbi.nlm.nih.gov/34321239/,../papers/2021_Acquired_RAD51C_Promoter_Methylation_Loss_Causes_PARP_Inhibitor_Resistance_in_Hi.pdf,"pp. 3,24-25",Local abstract and relevant methods/results reviewed; supplementary gaps retained,Not established in reviewed material,HGSC PDX and patients,12 patients in methylated cohort; experimental lineages are not independent patients,"Methylation, expression, PDX drug response",Not established in reviewed material,Not established in reviewed material,Not established in reviewed material,Not established in reviewed material,Not established in reviewed material,Not established in reviewed material,Not established in reviewed material,Not established in reviewed material,Not established in reviewed material,Not established in reviewed material,Not established in reviewed material,Not established in reviewed material,Not established in reviewed material,Not established in reviewed material,Not established in reviewed material,Not established in reviewed material,Not established in reviewed material,Not established in reviewed material,Not established in reviewed material,Not established in reviewed material,Not established in reviewed material,Not established in reviewed material,Not established in reviewed material,Not established in reviewed material,Not established in reviewed material,Not established in reviewed material,Temporal and lineage confounding,Not established in reviewed material,RAD51C methylation loss accompanied restored expression and resistance; scars reflected HRD history.,Derived models can evolve repair phenotypes.,Group lineages; prioritize patient tumors for external testing.
L35,High-level tumour methylation of BRCA1 and RAD51C is required for homologous recombination deficiency in solid cancers.,2024,Methylation / pan-cancer,https://pubmed.ncbi.nlm.nih.gov/39055334/,../papers/2024_High_level_tumour_methylation_of_BRCA1_and_RAD51C_is_required_for_homologous_rec.pdf,pp. 1-3,Local abstract and relevant methods/results reviewed; supplementary gaps retained,Not established in reviewed material,23 solid cancer types,7619 analyzed primary cancers; assay-specific source counts differ,"450K,RNA,allelic CN;ICGC OV",Not established in reviewed material,Genomic HRD features and methylation with LOH,Not established in reviewed material,Not established in reviewed material,Not established in reviewed material,Not established in reviewed material,Not established in reviewed material,Not established in reviewed material,Not established in reviewed material,Not established in reviewed material,Not established in reviewed material,Not established in reviewed material,Not established in reviewed material,Not established in reviewed material,Not established in reviewed material,Not established in reviewed material,Not established in reviewed material,Not established in reviewed material,Not established in reviewed material,Not established in reviewed material,Not established in reviewed material,Not established in reviewed material,Not established in reviewed material,Not established in reviewed material,Not established in reviewed material,Not established in reviewed material,Major transfer risk,Not established in reviewed material,High-level BRCA1/RAD51C methylation with LOH relates to HRD; lower-level RAD51C methylation in LGG/stomach is often associated with CIMP instead.,CNS hypermethylation can confound adult HRD predictors.,Stratify errors by subtype and purity; do not equate hypermethylation with HRD.
L36,Circulating HOXA9-methylated tumour DNA: A novel biomarker of response to poly (ADP-ribose) polymerase inhibition in BRCA-mutated epithelial ovarian cancer.,2019,Methylation / ctDNA,https://pubmed.ncbi.nlm.nih.gov/31865042/,../papers/1-s2.0-S0959804919308317-main.pdf,Methods pp. 3-5; Results pp. 5-8,Newly available 2026-09-10; full relevant methods/results reviewed,INTERESTING BUT NOT HACKATHON-CRITICAL,BRCA1/2-mutated ovarian cancer receiving veliparib,32 patients; serial plasma samples,Bisulfite-converted plasma DNA; HOXA9 methylation droplet digital PCR normalized to albumin,Serial methylated circulating tumor DNA measurements,Germline or somatic BRCA1/2 mutation and clinical endpoints; no HRDsum target,Absent,Absent from reviewed paper or not reported,Absent from reviewed paper or not reported,Absent from reviewed paper or not reported,Absent from reviewed paper or not reported,Absent from reviewed paper or not reported,Absent,Bisulfite conversion and locus-specific methylation ddPCR; no array preprocessing,Absent from reviewed paper or not reported,Not established in reviewed material,Longitudinal biomarker/prognostic association,Single prespecified HOXA9 methylation marker,No genome-wide predictive training,Within-cohort response and survival associations,Absent,Absent,Clinical response and survival associations; no HRDsum prediction metric,Absent from reviewed paper or not reported,"Sample-level assay, but not methylation-array HRDsum inference",Not tested,Not identified,Not established in reviewed material,Longitudinal liquid-biopsy sampling in a defined BRCA-mutated cohort,"Small cohort, one locus, no continuous genomic HRD target, no external validation","Supports optional dynamic biomarkers, not the primary array-to-HRDsum architecture",Not established in reviewed material,HOXA9 methylated ctDNA was measured by bisulfite ddPCR in 32 BRCA1/2-mutated ovarian cancer patients treated with veliparib.,A treatment-monitoring methylation locus cannot establish that methylation arrays calculate canonical HRDsum.,Do not alter the hackathon model family based on this study.
L37,Extensive epigenomic dysregulation is a hallmark of homologous recombination deficiency in triple-negative breast cancer.,2024,Methylation / HRD,https://pubmed.ncbi.nlm.nih.gov/39635770/,../papers/2024_Extensive_epigenomic_dysregulation_is_a_hallmark_of_homologous_recombination_def.pdf,"pp. 4-7,10-12",Local abstract and relevant methods/results reviewed; supplementary gaps retained,Not established in reviewed material,TNBC cohorts and TCGA TNBC application,32 + 58 specimens (55 unique subjects in second cohort);113 TCGA application,EPIC;MLPA P376-BRCAness,CpG beta values,MLPA pamr probability; binary >0.5,Not canonical LOH+LST+TAI,Not established in reviewed material,Not established in reviewed material,Not established in reviewed material,Not established in reviewed material,Not established in reviewed material,conumee 1.6.0;CopyNumber450kCancer,Separate minfi/ENmix cohort processing; different FFPE detection criteria,Not established in reviewed material,Not established in reviewed material,Supervised regression; exact optimized model in unavailable Supplemental Procedures,EWAS described; model-specific nesting not established in main text,Not established in reviewed material,Not established in reviewed material,Requires unavailable supplement,113 TCGA TNBC; genomic correlates and survival,Not established in reviewed material,Not established in reviewed material,Not established in reviewed material,Not established in reviewed material,Not established in reviewed material,Not established in reviewed material,Not established in reviewed material,Small/repeated-subject cohort; different target,Closest local precedent,Not established in reviewed material,"Predicts MLPA BRCAness probability from methylation, not canonical HRDsum. Two biological cohorts support the association; model details are referred to the supplement.","Supports plausibility, not validated adult-pan-cancer-to-pediatric regression.",Obtain supplement before reproducing its tuning; independently implement nested baseline.
L38,Development and validation of an epigenetic score for homologous recombination deficiency based on genome-wide DNA methylation profiling in ovarian cancer.,2026,Methylation / HRD,https://www.sciencedirect.com/science/article/pii/S2452014426002013,,,Unavailable locally; metadata only; no methods inferred,Not established in reviewed material,Not established in reviewed material,Not established in reviewed material,Not established in reviewed material,Not established in reviewed material,Not established in reviewed material,Not established in reviewed material,Not established in reviewed material,Not established in reviewed material,Not established in reviewed material,Not established in reviewed material,Not established in reviewed material,Not established in reviewed material,Not established in reviewed material,Not established in reviewed material,Not established in reviewed material,Not established in reviewed material,Not established in reviewed material,Not established in reviewed material,Not established in reviewed material,Not established in reviewed material,Not established in reviewed material,Not established in reviewed material,Not established in reviewed material,Not established in reviewed material,Not established in reviewed material,Not established in reviewed material,Not established in reviewed material,Not established in reviewed material,Not established in reviewed material,Methylation / HRD,Not established in reviewed material,Listed in supplied map; full text unavailable locally.,No methodological inference from title.,Verify relevant methods before relying on this reference.
L39,Clinical Relevance of BRCA1 Promoter Methylation Testing in Patients with Ovarian Cancer.,2023,Methylation / clinical,https://pubmed.ncbi.nlm.nih.gov/37067532/,../papers/3124.pdf,Methods pp. 3-5; Results pp. 5-8,Newly available 2026-09-10; full relevant methods/results reviewed,REFINES CURRENT PLAN,Ovarian carcinoma,100 tumors; 79 BRCA-wild-type tumors in the reported methylation/GIS subset,BRCA1 promoter methylation assay and Myriad myChoice genomic instability testing,Tumor BRCA1 promoter methylation plus commercial genomic instability score,myChoice genomic instability score and BRCA status,Commercial GIS used; component algorithm not reimplemented,Absent from reviewed paper or not reported,Absent from reviewed paper or not reported,Absent from reviewed paper or not reported,Absent from reviewed paper or not reported,Absent from reviewed paper or not reported,Absent from reported methylation method,Locus-specific BRCA1 methylation; high methylation defined at 70% or greater,Absent from reviewed paper or not reported,Not established in reviewed material,Thresholded biomarker association,Prespecified BRCA1 promoter,Retrospective association; no genome-wide training,Internal comparison with BRCA/GIS categories,Absent,Absent,15/79 BRCA-wild-type tumors had high BRCA1 methylation and all were GIS-positive; 11/79 had low methylation and all were GIS-positive,Absent from reviewed paper or not reported,Locus assay is sample-level; threshold transfer is unestablished,Not tested,Not identified,Not established in reviewed material,Direct comparison of BRCA1 methylation with an established genomic scar assay,Retrospective single-cancer cohort; GIS positivity spans methylation strata; no calibrated continuous predictor,Retain promoter methylation as interpretable annotation while keeping genome-wide continuous HRDsum prediction primary,Not established in reviewed material,High and low BRCA1 methylation strata were compared with myChoice GIS in ovarian tumors.,Promoter methylation can mark an HRD mechanism but is not a sufficient universal HRDsum surrogate.,"Report BRCA1/RAD51C promoter features as annotations or secondary features, not the sole target definition."
L40,BRCA1 promoter methylation predicts PARPi response in ovarian cancer: insights from the KOMET study.,2025,Methylation / clinical,https://pubmed.ncbi.nlm.nih.gov/40775791/,../papers/2025_BRCA1_promoter_methylation_predicts_PARPi_response_in_ovarian_cancer_insights_fr.pdf,"pp. 1,3,5",Local abstract and relevant methods/results reviewed; supplementary gaps retained,Not established in reviewed material,KOMET single-center ovarian,88,MS-HRM,Not established in reviewed material,Promoter methylation and clinical PFS/OS,Not established in reviewed material,Not established in reviewed material,Not established in reviewed material,Not established in reviewed material,Not established in reviewed material,Not established in reviewed material,Not established in reviewed material,Not established in reviewed material,Not established in reviewed material,Not established in reviewed material,Not established in reviewed material,Not established in reviewed material,Not established in reviewed material,Not established in reviewed material,Not established in reviewed material,Not established in reviewed material,Not established in reviewed material,Not established in reviewed material,Not established in reviewed material,Not established in reviewed material,Not established in reviewed material,Not established in reviewed material,Not established in reviewed material,Not established in reviewed material,Clinical context,Not established in reviewed material,"Retrospective study relates BRCA1 methylation to outcome, with missing GIS and treatment selection.",Not validation of a methylation-wide continuous score.,Biological context only.
L41,A Novel Droplet Digital PCR Assay for BRCA1 and RAD51C Methylation: Advancing Homologous Recombination Deficiency Detection in Ovarian Cancer.,2025,Methylation / methods,https://pubmed.ncbi.nlm.nih.gov/40783114/,../papers/2025_A_Novel_Droplet_Digital_PCR_Assay_for_BRCA1_and_RAD51C_Methylation_Advancing_Hom.pdf,p. 1,Local abstract and relevant methods/results reviewed; supplementary gaps retained,Not established in reviewed material,Ovarian,224 included;194 HR status assessed,Enzymatic ddPCR;SOPHiA DDM,Not established in reviewed material,"GII>0, not GIS42",Not established in reviewed material,Not established in reviewed material,Not established in reviewed material,Not established in reviewed material,Not established in reviewed material,Not established in reviewed material,Not established in reviewed material,Not established in reviewed material,Not established in reviewed material,Not established in reviewed material,Not established in reviewed material,Not established in reviewed material,Not established in reviewed material,Not established in reviewed material,Not established in reviewed material,Not established in reviewed material,Not established in reviewed material,Not established in reviewed material,Not established in reviewed material,Not established in reviewed material,Not established in reviewed material,Not established in reviewed material,Not established in reviewed material,Not established in reviewed material,Label heterogeneity,Not established in reviewed material,Assesses promoter methylation against commercial GII-based HRD.,Commercial scales cannot be pooled numerically.,Store assay-specific targets separately.
L42,CopyNumber450kCancer: baseline correction for accurate copy number calling from the 450k methylation array.,2016,Methylation / CNV,https://pubmed.ncbi.nlm.nih.gov/26553913/,../papers/2016_CopyNumber450kCancer_baseline_correction_for_accurate_copy_number_calling_from_the_.pdf,pp. 1-2,Local abstract and relevant methods/results reviewed; supplementary gaps retained,Not established in reviewed material,ALL,764,450K,Segment log-ratio and probe counts,Not established in reviewed material,Not established in reviewed material,Not established in reviewed material,Not established in reviewed material,Not established in reviewed material,Not established in reviewed material,Not established in reviewed material,Maximum density peak baseline correction,Not established in reviewed material,Not established in reviewed material,Not established in reviewed material,Not established in reviewed material,Not established in reviewed material,Not established in reviewed material,Not established in reviewed material,Not established in reviewed material,Not established in reviewed material,740/764 (96.9%) correctly auto-corrected vs manual karyotype review,Not established in reviewed material,"Yes, sometimes manual revision",Not established in reviewed material,Not established in reviewed material,Not established in reviewed material,Not established in reviewed material,Not established in reviewed material,Information boundary,Not established in reviewed material,Explicitly notes lack of SNP-array B-allele frequency; this is a baseline correction method.,Label-visible manual correction can leak reference information.,Locked baseline/QC; blind to HRD outcomes.
L43,MethPed: a DNA methylation classifier tool for the identification of pediatric brain tumor subtypes.,2015,Pediatric methylation classifiers,https://pubmed.ncbi.nlm.nih.gov/26157508/,../papers/2015_MethPed_a_DNA_methylation_classifier_tool_for_the_identification_of_pediatric_br.pdf,"pp. 1-2,8",Local abstract and relevant methods/results reviewed; supplementary gaps retained,Not established in reviewed material,Nine pediatric brain subgroups,472 training;18 local validation;28 PNET application,450K,Not established in reviewed material,"Subtype,not HRD",Not established in reviewed material,Not established in reviewed material,Not established in reviewed material,Not established in reviewed material,Not established in reviewed material,Not established in reviewed material,Not established in reviewed material,Not established in reviewed material,Not established in reviewed material,Not established in reviewed material,"Random forest,900 trees","100 probes/class,900 total",Not established in reviewed material,Not established in reviewed material,Ten-fold repeated five times; OOB reporting also described,Not established in reviewed material,Kappa 0.98 reported,Not established in reviewed material,"Yes,saved forest",Not established in reviewed material,Not established in reviewed material,Not established in reviewed material,Not established in reviewed material,Not established in reviewed material,Single-sample architecture,Not established in reviewed material,MethPed provides saved-forest single-sample classification of pediatric tumor types.,Subtype signal is both useful and a potential HRD confounder; nesting must be independently enforced.,"Borrow frozen inference, not accuracy expectations."
L44,DNA methylation-based classification of central nervous system tumours.,2018,Pediatric methylation classifiers,https://pubmed.ncbi.nlm.nih.gov/29539639/,../papers/nihms-942946.pdf,Methods pp. 18-28; Results pp. 5-12; extended methods/tables pp. 29-45,Newly available 2026-09-10; full relevant methods/results reviewed,REFINES CURRENT PLAN,Central nervous system tumors spanning 91 methylation classes,"2,801 reference tumors; 1,155 prospective diagnostic cases",Illumina 450K and EPIC methylation arrays,Raw IDAT intensities converted to beta values; methylation-derived CN ancillary,"Expert-integrated CNS tumor class, not HRDsum",Absent,Absent; diagnostic classifier study,Absent,Absent,Absent; conumee total CN is ancillary,No allele-specific HRD purity/ploidy correction reported,conumee using 50 male and 50 female controls,"Per-sample minfi background/dye correction; removed sex, common-SNP-proximate, nonunique hg19, and non-EPIC probes; 428,799 retained; FFPE/frozen adjustment",Raw IDAT intensities required for the reported minfi/conumee workflow,Not established in reviewed material,"Random forest with 10,000 trees plus multinomial-logistic calibration",Deterministic platform/QC mask before classifier training,Large multicenter reference cohort; calibrated class scores,Cross-validation and prospective diagnostic series,Cross-validation error 4.28%; classwise receiver-operating analysis,"Prospective 1,155-case clinical series",Cross-validation error 4.28%; mean class AUC approximately 0.99,Multinomial-logistic calibration of class scores; no KIDS26 HRD interval,Yes; per-sample preprocessing and calibrated reference classifier,"Broad CNS classes, but diagnostic rather than HRD regression",minfi and conumee,Not established in reviewed material,"Large cohort, prospective use, explicit cross-platform mask, calibration, single-sample workflow",Diagnostic classification differs from continuous cross-cancer HRD regression,"Strong precedent for frozen 450K/EPIC masks, sample-level preprocessing, calibration, and abstention-aware deployment","Version the probe mask, store annotation hashes, avoid cohort refitting for incoming samples, and keep conumee ancillary","The classifier removed 11,551 sex-chromosome, 7,998 common-SNP-proximate, 3,965 nonunique hg19, and 32,260 non-EPIC probes, retaining 428,799.","Cross-platform compatibility is feasible with a frozen mask, but classification performance does not prove HRDsum transfer.",Adopt deterministic bridge provenance and single-sample preprocessing while retaining cancer-held-out HRD validation.
L45,Practical implementation of DNA methylation and copy-number-based CNS tumor diagnostics: the Heidelberg experience.,2018,Pediatric methylation classifiers,https://pubmed.ncbi.nlm.nih.gov/29967940/,../papers/2018_Practical_implementation_of_DNA_methylation_and_copy_number_based_CNS_tumor_diag.pdf,p. 1; diagnostic workflow sections,Local abstract and relevant methods/results reviewed; supplementary gaps retained,Not established in reviewed material,Heidelberg/Mannheim and referrals,>1000 local plus >1000 referred,Methylation and CN arrays,Not established in reviewed material,"CNS diagnosis,not HRD",Not established in reviewed material,Not established in reviewed material,Not established in reviewed material,Not established in reviewed material,Not established in reviewed material,Not established in reviewed material,Not established in reviewed material,Not established in reviewed material,Not established in reviewed material,Not established in reviewed material,Integrated diagnostic workflow,Not established in reviewed material,Not established in reviewed material,Not established in reviewed material,Not established in reviewed material,Not established in reviewed material,Not established in reviewed material,Not established in reviewed material,Not established in reviewed material,Not established in reviewed material,Not established in reviewed material,Not established in reviewed material,Not established in reviewed material,Not established in reviewed material,Report design,Not established in reviewed material,"Integrates methylation, CN profiles and morphology for CNS diagnostics.",CN corroboration does not validate HRD.,Show assay QC and applicability with predictions.
L46,"Methylation classifiers: Brain tumors, sarcomas, and what's next.",2022,Pediatric methylation classifiers,https://pubmed.ncbi.nlm.nih.gov/35388566/,../papers/Genes Chromosomes   Cancer - 2022 - Koelsche - Methylation classifiers  Brain tumors  sarcomas  and what s next.pdf,Methods overview and cross-platform recommendations throughout,Newly available 2026-09-10; methods-relevant sections reviewed,CONFIRMS CURRENT PLAN,Review of sarcoma methylation classification,Review; no single original training N,Illumina 450K and EPIC arrays,Shared-array beta values and methylation-derived CN profiles,Tumor diagnosis; no HRDsum,Absent,Absent from reviewed paper or not reported,Absent from reviewed paper or not reported,Absent from reviewed paper or not reported,Absent from reviewed paper or not reported,Absent from reviewed paper or not reported,Methylation-array CN profiles discussed as diagnostic adjuncts,"Shared 450K/EPIC probes; exclude sex-chromosome, SNP-proximate, and nonunique hg19 probes, leaving about 420,000 before model selection",Raw IDAT is typical for the reviewed diagnostic workflow; exact requirements vary by implementation,Not established in reviewed material,Review of classifier approaches,Class-discriminating selection after compatibility filtering,Not applicable,Summarizes diagnostic validation literature,Absent as a new analysis,Absent as a new analysis,Not applicable,Absent from reviewed paper or not reported,Discussed in diagnostic context,Not an HRD transfer study,No new software contribution,Not established in reviewed material,Clear practical cross-platform filtering precedent,Narrative review and diagnostic endpoint,Confirms deterministic 450K/EPIC bridging before supervised selection,Not established in reviewed material,"The review describes restricting analysis to shared 450K/EPIC probes and removing sex-linked, SNP-proximate, and nonunique probes.",The same platform-compatibility principles are appropriate for KIDS26 with exact manifests.,Use a versioned shared autosomal general-mask list and record annotation hashes.
L47,Advances in the classification of pediatric brain tumors through DNA methylation profiling: From research tool to frontline diagnostic.,2018,Pediatric methylation classifiers,https://pubmed.ncbi.nlm.nih.gov/30255939/,../papers/Cancer - 2018 - Kumar - Advances in the classification of pediatric brain tumors through DNA methylation profiling  From.pdf,Review sections on molecular targets and pediatric glioma biology,Newly available 2026-09-10; relevance review completed,INTERESTING BUT NOT HACKATHON-CRITICAL,Review of pediatric gliomas,Review,Multiple molecular assays across cited studies,Narrative molecular and therapeutic evidence,Absent,Absent,Absent from reviewed paper or not reported,Absent from reviewed paper or not reported,Absent from reviewed paper or not reported,Absent from reviewed paper or not reported,Absent from reviewed paper or not reported,Not a primary method,Absent,Absent from reviewed paper or not reported,Not established in reviewed material,Narrative review,Absent,Absent,Absent,Absent,Absent,Absent,Absent from reviewed paper or not reported,Not applicable,Not tested,Absent,Not established in reviewed material,Pediatric disease context,No methylation-to-HRD model or HRDsum method,Supports pediatric interpretation but does not change the computational architecture,Not established in reviewed material,The paper reviews targeted therapies and molecular subgroups in pediatric glioma.,Disease context supplies no evidence for substituting a pediatric classifier for HRD regression.,Use only for disease-context framing.
L48,"Molecular Classification of Ependymal Tumors across All CNS Compartments, Histopathological Grades, and Age Groups.",2015,Pediatric methylation,https://pubmed.ncbi.nlm.nih.gov/25965575/,../papers/nihms-745680.pdf,Methods pp. 15-20; Results pp. 5-12,Newly available 2026-09-10; full relevant methods/results reviewed,CONFIRMS CURRENT PLAN,Ependymal tumors across anatomic sites,500 tumors,Illumina HumanMethylation450 arrays,Genome-wide methylation beta values,"Molecular ependymoma subgroup, not HRDsum",Absent,Absent from reviewed paper or not reported,Absent from reviewed paper or not reported,Absent from reviewed paper or not reported,Absent from reviewed paper or not reported,Absent from reviewed paper or not reported,Methylation-derived CN profiles used descriptively,"Unsupervised analysis on the 10,000 most variable probes",Absent from reviewed paper or not reported,Not established in reviewed material,Unsupervised consensus clustering,"Top 10,000 probes by standard deviation",Unsupervised discovery of molecular subgroups,Resampling stability and molecular/clinical associations,"Bootstrap/consensus stability, not predictive cross-validation",No independent external HRD cohort,Reported cluster stability approximately 0.999,Absent from reviewed paper or not reported,No frozen single-sample predictor,No,Public data reported; no KIDS26-ready predictor,Not established in reviewed material,Large rare-CNS cohort and stable methylation structure,"Unsupervised diagnosis study, no HRD target, no frozen n-of-1 inference",Reinforces that lineage dominates methylation and must be controlled in HRD validation,Not established in reviewed material,"Consensus clustering of the 10,000 most variable CpGs separated ependymal molecular groups in 500 tumors.",A pooled methylation-HRD model could learn lineage unless cancer-aware validation is enforced.,Retain leave-one-cancer-type-out evaluation and lineage-aware PBTP grouping.
L49,Hotspot mutations in H3F3A and IDH1 define distinct epigenetic and biological subgroups of glioblastoma.,2012,Pediatric methylation,https://pubmed.ncbi.nlm.nih.gov/23079654/,../papers/1-s2.0-S1535610812003649-main.pdf,Methods pp. 10-14; Results pp. 3-8,Newly available 2026-09-10; full relevant methods/results reviewed,CONFIRMS CURRENT PLAN,Adult glioblastoma with IDH1 and H3F3A molecular subgroups,136 local plus 74 TCGA tumors; total 210,Illumina HumanMethylation450 arrays,Genome-wide methylation beta values,"Molecular glioblastoma subgroup, not HRDsum",Absent,Absent from reviewed paper or not reported,Absent from reviewed paper or not reported,Absent from reviewed paper or not reported,Absent from reviewed paper or not reported,Absent from reviewed paper or not reported,CN alterations inferred from methylation-array intensity,"Removed 11,551 sex-chromosome, 24,536 dbSNP132-proximate, and 9,993 nonunique probes; 438,370 retained",Absent from reviewed paper or not reported,Not established in reviewed material,Unsupervised consensus clustering,"8,000 most variable retained probes",Joint discovery analysis,Molecular/clinical concordance; TCGA included in combined analysis,No supervised nested cross-validation,No fully independent frozen-model validation,"Cluster/subgroup associations, not HRD prediction metrics",Absent from reviewed paper or not reported,No,No,Standard methylation clustering tools,Not established in reviewed material,Biologically coherent glioma groups and explicit probe filtering,Discovery clustering; TCGA is not an untouched external set,Confirms strong CNS lineage signal and need for strict transfer tests,Not established in reviewed material,"The analysis retained 438,370 probes after sex, SNP-proximity, and nonunique filtering, then clustered on 8,000 variable probes.",Lineage methylation can inflate pooled HRD prediction when folds mix cancers.,Keep supervised preprocessing inside folds and report cancer-held-out results.
L50,"Transcriptomic and epigenetic profiling of 'diffuse midline gliomas, H3 K27M-mutant' discriminate two subgroups based on the type of histone H3 mutated and not supratentorial or infratentorial location.",2018,Pediatric methylation,https://pubmed.ncbi.nlm.nih.gov/30396367/,../papers/2018_Transcriptomic_and_epigenetic_profiling_of_diffuse_midline_gliomas_H3_K27M_mutan.pdf,"pp. 1,4-5,11",Local abstract and relevant methods/results reviewed; supplementary gaps retained,Not established in reviewed material,DMG/pHGG tumors/cultures,119 expression profiles;131 arrays with replicates;methylation subset distinct,"Methylation,expression,RNA/ChIP-seq models",Not established in reviewed material,"Histone H3 subgroup,not HRD",Not established in reviewed material,Not established in reviewed material,Not established in reviewed material,Not established in reviewed material,Not established in reviewed material,Not established in reviewed material,Not established in reviewed material,Not established in reviewed material,Not established in reviewed material,Not established in reviewed material,PCA/tSNE and subgroup analyses,Not established in reviewed material,Not established in reviewed material,Not established in reviewed material,Not established in reviewed material,Not established in reviewed material,Not established in reviewed material,Not established in reviewed material,Not established in reviewed material,Not established in reviewed material,Not established in reviewed material,Not established in reviewed material,Not established in reviewed material,Not established in reviewed material,PBTP confounding,Not established in reviewed material,H3.1/H3.3 epigenetic differences can persist in cultures; text/figure differ in duplicate count.,Histone subtype and lineage can dominate methylation distances.,Group donor models and assess subtype-specific errors.
L51,Ultra-fast deep-learned CNS tumour classification during surgery.,2023,Pediatric / rapid methylation,https://pubmed.ncbi.nlm.nih.gov/37821699/,../papers/2023_Ultra_fast_deep_learned_CNS_tumour_classification_during_surgery.pdf,pp. 1-3,Local abstract and relevant methods/results reviewed; supplementary gaps retained,Not established in reviewed material,CNS tumors,2801 reference;50 retrospective;25 surgeries,Simulated sparse arrays and nanopore,Not established in reviewed material,"Subtype,not HRD",Not established in reviewed material,Not established in reviewed material,Not established in reviewed material,Not established in reviewed material,Not established in reviewed material,Not established in reviewed material,Not established in reviewed material,Not established in reviewed material,Not established in reviewed material,Not established in reviewed material,Sturgeon neural network,Not established in reviewed material,Not established in reviewed material,Not established in reviewed material,Not established in reviewed material,Not established in reviewed material,"45/50 retrospective correct,5 abstain;18/25 surgery correct,7 below confidence",Not established in reviewed material,Not established in reviewed material,Not established in reviewed material,Not established in reviewed material,Sparse measurement simulation,Not established in reviewed material,Not established in reviewed material,Robustness,Not established in reviewed material,Sturgeon uses sparse simulation and abstention with real validation.,Millions of masks do not increase independent biological N.,Borrow dropout tests/abstention.
L52,Robust methylation-based classification of brain tumours using nanopore sequencing.,2023,Pediatric / nanopore,https://pubmed.ncbi.nlm.nih.gov/36269599/,../papers/Neuropathology Appl Neurobio - 2022 - Kuschel - Robust methylation‐based classification of brain tumours using nanopore.pdf,Methods pp. 3-7; Results pp. 7-12,Newly available 2026-09-10; full relevant methods/results reviewed,REFINES CURRENT PLAN,Brain tumors across 46 methylation classes,"382 tumors; 191/191 initial split, yielding 185 discovery and 184 validation after exclusions",450K/EPIC reference arrays plus nanopore methylation calls,Binarized methylation allele frequencies at shared CpGs,"Brain tumor methylation class, not HRDsum",Absent,Absent from reviewed paper or not reported,Absent from reviewed paper or not reported,Absent from reviewed paper or not reported,Absent from reviewed paper or not reported,Absent from reviewed paper or not reported,Not central,"Shared CpGs; binarized methylation allele frequency; platform threshold 0.15; at least 1,000 shared CpGs",Nanopore methylation calls are primary input; array references do not establish an IDAT requirement for this cross-platform classifier,Not established in reviewed material,Random forest classifier,Shared CpGs and empirical platform-difference filters,Discovery training with fixed validation,Independent internal validation and small cross-laboratory series,Fixed split rather than nested CV,Cross-laboratory testing classified 10/11 samples,"Among 148 classifiable validation samples, sensitivity 80.4% and specificity 100%",Allows unclassifiable results; reported scores are not calibrated probabilities,"Yes, with minimum overlap and unclassifiable outcomes",Broad CNS classes only; no HRD regression,Nanopore classification workflow described,Not established in reviewed material,"Explicit minimum overlap, independent validation, cross-lab check, and abstention",Diagnostic endpoint; scores are not calibrated probabilities; small external series,Strengthens explicit OOD/abstention and feature-coverage checks,Record bridge coverage and abstain below prespecified coverage/OOD thresholds,"The method required at least 1,000 shared CpGs and allowed samples to remain unclassified; specificity was 100% among classifiable validation samples.",A KIDS26 n-of-1 system should expose coverage and abstention rather than force every prediction.,Predeclare OOD and feature-coverage diagnostics before PBTP application.
L53,Rapid DNA methylation-based classification of pediatric brain tumors from ultrasonic aspirate specimens.,2024,Pediatric / nanopore,https://pubmed.ncbi.nlm.nih.gov/38769169/,../papers/2024_Rapid_DNA_methylation_based_classification_of_pediatric_brain_tumors_from_ultrason.pdf,"pp. 1,8-9",Local abstract and relevant methods/results reviewed; supplementary gaps retained,Not established in reviewed material,Pediatric CNS aspirates,19,Nanopore and EPIC,Not established in reviewed material,"Routine diagnosis,not HRD",Not established in reviewed material,Not established in reviewed material,Not established in reviewed material,Not established in reviewed material,Not established in reviewed material,Not established in reviewed material,Not established in reviewed material,Not established in reviewed material,Not established in reviewed material,Not established in reviewed material,Not established in reviewed material,Not established in reviewed material,Not established in reviewed material,Not established in reviewed material,Not established in reviewed material,Not established in reviewed material,17/19 class concordance;18/19 CN profile match,Not established in reviewed material,Not established in reviewed material,Not established in reviewed material,Not established in reviewed material,Not established in reviewed material,Not established in reviewed material,Not established in reviewed material,Cross-platform design,Not established in reviewed material,Pilot cross-assay study derives platform-specific confidence threshold.,Same-cohort cutoff selection limits external calibration claims.,Predeclare PBTP thresholds.
L54,Rapid brain tumor classification from sparse epigenomic data.,2025,Pediatric / nanopore,https://pubmed.ncbi.nlm.nih.gov/40021833/,../papers/2025_Rapid_brain_tumor_classification_from_sparse_epigenomic_data.pdf,"pp. 1-3,7,11,15",Local abstract and relevant methods/results reviewed; supplementary gaps retained,Not established in reviewed material,CNS,2801 reference;>200 evaluation;10 near-operating-room,450K and nanopore,Not established in reviewed material,"Subtype,not HRD",Not established in reviewed material,Not established in reviewed material,Not established in reviewed material,Not established in reviewed material,Not established in reviewed material,Not established in reviewed material,Not established in reviewed material,Not established in reviewed material,Not established in reviewed material,Not established in reviewed material,Naive Bayesian MethyLYZR,Not established in reviewed material,Not established in reviewed material,Not established in reviewed material,Not established in reviewed material,Not established in reviewed material,Not established in reviewed material,Not established in reviewed material,Fixed inference,Not established in reviewed material,Not established in reviewed material,Not established in reviewed material,Not established in reviewed material,Not established in reviewed material,Parsimony,Not established in reviewed material,A simple probabilistic classifier enables rapid sparse methylation classification.,Large feature space does not itself justify neural networks.,Regularized baseline first.
L55,"Prospective, multicenter validation of a platform for rapid molecular profiling of central nervous system tumors.",2025,Pediatric / clinical,https://pubmed.ncbi.nlm.nih.gov/40133526/,../papers/2025_Prospective_multicenter_validation_of_a_platform_for_rapid_molecular_profiling_of_.pdf,"pp. 1-2,12",Local abstract and relevant methods/results reviewed; supplementary gaps retained,Not established in reviewed material,Multicenter CNS,301 Rapid-CNS2;>78000 MNP-Flex validation,"Nanopore,multiple methylation platforms",Not established in reviewed material,"CNS subtype,not HRD",Not established in reviewed material,Not established in reviewed material,Not established in reviewed material,Not established in reviewed material,Not established in reviewed material,Not established in reviewed material,Not established in reviewed material,Not established in reviewed material,Not established in reviewed material,Not established in reviewed material,Rapid-CNS2 ad hoc forest;MNP-Flex classifier,Not established in reviewed material,Not established in reviewed material,Not established in reviewed material,Not established in reviewed material,Not established in reviewed material,Not established in reviewed material,Not established in reviewed material,Operational yes; ad hoc forest retraining differs from frozen model,Not established in reviewed material,Not established in reviewed material,Not established in reviewed material,Not established in reviewed material,Not established in reviewed material,Precise inference contract,Not established in reviewed material,Large diagnostic validation; Rapid-CNS2 methods include sample-specific forest retraining.,Single-sample has different operational meanings.,Require unchanged model weights in KIDS26.
L56,Nanopore-based random genomic sampling for intraoperative molecular diagnosis.,2025,Pediatric / CNV + methylation,https://pubmed.ncbi.nlm.nih.gov/39833913/,../papers/2025_Nanopore_based_random_genomic_sampling_for_intraoperative_molecular_diagnosis.pdf,"pp. 1,11,16",Local abstract and relevant methods/results reviewed; supplementary gaps retained,Not established in reviewed material,Brain/metastatic tumors,26 retrospective,Nanopore iSCORED,Not established in reviewed material,"Diagnosis,not HRD",Not established in reviewed material,Not established in reviewed material,Not established in reviewed material,Not established in reviewed material,Not established in reviewed material,Not established in reviewed material,Not established in reviewed material,Not established in reviewed material,Not established in reviewed material,Not established in reviewed material,Not established in reviewed material,Not established in reviewed material,Not established in reviewed material,Not established in reviewed material,Not established in reviewed material,Not established in reviewed material,Not established in reviewed material,Not established in reviewed material,Not established in reviewed material,Not established in reviewed material,Not established in reviewed material,Not established in reviewed material,Not established in reviewed material,Not established in reviewed material,Multi-view precedent,Not established in reviewed material,Combines CN and methylation for intraoperative molecular diagnosis.,Fusion benefit for HRD remains unproven.,Evaluate fusion on identical paired samples.
L57,TUCAN: Ultra-fast methylation-based classification of pediatric solid tumors and lymphomas.,2026,Pediatric / new classifier,https://www.medrxiv.org/content/10.64898/2026.03.24.26348466v1,../papers/2026_TUCAN_Ultra_fast_methylation_based_classification_of_pediatric_solid_tumors_and.pdf,"pp. 2,4,6,13-14,40;preprint v1",Local abstract and relevant methods/results reviewed; supplementary gaps retained,Not established in reviewed material,Pediatric solid tumors/lymphomas,"3818 arrays;514 retrospective nanopore;74 prospective,63 classifiable","450K/EPIC/EPICv2,nanopore",Not established in reviewed material,"Subtype,not HRD",Not established in reviewed material,Not established in reviewed material,Not established in reviewed material,Not established in reviewed material,Not established in reviewed material,Not established in reviewed material,Not established in reviewed material,Not established in reviewed material,Not established in reviewed material,Not established in reviewed material,Neural ensemble,353232 common probes for study manifests,Not established in reviewed material,Not established in reviewed material,Four folds; train/validation/test; separate simulation seeds,Not established in reviewed material,52 prospective above threshold;96% accuracy among these,Not established in reviewed material,Not established in reviewed material,Not established in reviewed material,Not established in reviewed material,Sparse assay simulation,Not established in reviewed material,Not established in reviewed material,Platform/abstention design,Not established in reviewed material,TUCAN is a preprint with platform intersection and real validation plus rejection.,Distinct simulation seeds do not replace original-donor partitioning.,Use manifest-specific intersection; report coverage with conditional accuracy.
L58,M-PACT: deep-learning classification of pediatric CNS tumors from cell-free DNA methylation profiles.,2026,Pediatric / resource,https://datacatalog.ccdi.cancer.gov/resource/M-PACT,,,Unavailable locally; metadata only; no methods inferred,Not established in reviewed material,Not established in reviewed material,Not established in reviewed material,Not established in reviewed material,Not established in reviewed material,Not established in reviewed material,Not established in reviewed material,Not established in reviewed material,Not established in reviewed material,Not established in reviewed material,Not established in reviewed material,Not established in reviewed material,Not established in reviewed material,Not established in reviewed material,Not established in reviewed material,Not established in reviewed material,Not established in reviewed material,Not established in reviewed material,Not established in reviewed material,Not established in reviewed material,Not established in reviewed material,Not established in reviewed material,Not established in reviewed material,Not established in reviewed material,Not established in reviewed material,Not established in reviewed material,Not established in reviewed material,Not established in reviewed material,Not established in reviewed material,Not established in reviewed material,Pediatric / resource,Not established in reviewed material,Listed in supplied map; full text unavailable locally.,No methodological inference from title.,Verify relevant methods before relying on this reference.
L59,Artificial intelligence-generated synthetic data for cancer research and clinical trials.,2026,Synthetic data,https://pubmed.ncbi.nlm.nih.gov/41720945/,../papers/s41568-026-00912-4.pdf,"Sections on molecular generators, validation, and open challenges throughout",Newly available 2026-09-10; methods-relevant sections reviewed,CONFIRMS CURRENT PLAN,Review across synthetic biomedical data domains,Review,Multiple omics and biomedical modalities,Review of synthetic-data generators and evaluations,Absent,Absent,Absent from reviewed paper or not reported,Absent from reviewed paper or not reported,Absent from reviewed paper or not reported,Absent from reviewed paper or not reported,Absent from reviewed paper or not reported,Mechanistic and generative approaches discussed generally,No single methylation-array workflow prescribed,Varies; no specific methylation-array generator prescribed,Not established in reviewed material,"Review of interpolation, VAE, GAN, diffusion, and related generators",Varies,Varies,"Separates fidelity, utility, and privacy assessment",No universal standard; validation standardization unresolved,Varies,"Non-equivalent fidelity, utility, and privacy measures",Emphasizes multidimensional evaluation; no KIDS26-ready uncertainty method,Not directly addressed for KIDS26,Not established,Multiple reviewed tools,"High; realistic appearance, downstream utility, and privacy are distinct claims",Current broad synthesis of generator families and evaluation requirements,No methylation-to-HRD transfer benchmark or pediatric augmentation evidence,Supports deferral until the real-data baseline and transfer problem are measured,Not established in reviewed material,"The review treats fidelity, utility, and privacy as separate dimensions and notes limited standardization.",A three-day generator adds several new claims without resolving cross-cancer transfer.,"Keep augmentation gated, with untouched real validation only."
L60,In silico generation of synthetic cancer genomes using generative AI.,2025,Synthetic data,https://pubmed.ncbi.nlm.nih.gov/40803317/,../papers/2025_In_silico_generation_of_synthetic_cancer_genomes_using_generative_AI.pdf,"pp. 1-4,12",Local abstract and relevant methods/results reviewed; supplementary gaps retained,Not established in reviewed material,Eight cancer profiles,Not established in reviewed material,Genomic variants/CNA/SV,Not established in reviewed material,Not established in reviewed material,Not established in reviewed material,Not established in reviewed material,Not established in reviewed material,Not established in reviewed material,Not established in reviewed material,Not established in reviewed material,Not established in reviewed material,Not established in reviewed material,Not established in reviewed material,Not established in reviewed material,OncoGAN GAN/TVAE/sampling ensemble,Not established in reviewed material,Not established in reviewed material,Not established in reviewed material,Not established in reviewed material,Not established in reviewed material,Not established in reviewed material,Not established in reviewed material,Not established in reviewed material,Not established in reviewed material,https://github.com/LincolnSteinLab/oncoGAN,"Synthetic genomes,not methylomes",Not established in reviewed material,Not established in reviewed material,Synthetic benchmarks,Not established in reviewed material,Factorized generator ensemble evaluates genomic patterns and downstream classification; subclonal representation limited.,Joint CpG-intensity-allelic-CN covariance is not established.,Post-hackathon engineering inspiration only.
L61,Multi-omics data integration and drug screening of AML cancer using Generative Adversarial Network.,2024,Synthetic data / multi-omics,https://pubmed.ncbi.nlm.nih.gov/38670415/,../papers/1-s2.0-S1046202324001075-main.pdf,Methods pp. 4-8; Results pp. 8-12,Newly available 2026-09-10; full relevant methods/results reviewed,INTERESTING BUT NOT HACKATHON-CRITICAL,TCGA acute myeloid leukemia,173 cases,Gene expression and DNA methylation,Paired high-dimensional expression and methylation features,AML classification; no HRDsum,Absent,Absent from reviewed paper or not reported,Absent from reviewed paper or not reported,Absent from reviewed paper or not reported,Absent from reviewed paper or not reported,Absent from reviewed paper or not reported,Absent,Study-specific; no 450K-to-EPIC transfer analysis,Processed omics features; no raw-IDAT single-sample workflow,Not established in reviewed material,Wasserstein GAN-based multi-omics generator and classifier,Study-specific dimensionality reduction/selection,Training/validation/test; generator update selected among five candidates; 50 trials,Internal test comparisons of real and synthetic-assisted training,"Repeated trials, not cancer-held-out or external transfer",Absent,Methylation AUC about 0.636 real-only and 0.732 synthetic-assisted,Repeated trial variation reported; no external calibration or individual interval,No frozen n-of-1 array pipeline,No; single AML cohort,omicsGAN described,"Direct omics generator example, but no HRD target or external cohort",Paired multi-omics generation with repeated internal evaluation,"Small single-cancer cohort, internal validation, tuning burden, no platform transfer, no HRDsum",Insufficient evidence to move GAN augmentation into the critical path,Not established in reviewed material,omicsGAN was evaluated on 173 TCGA AML cases with internal splits and repeated trials.,An internal AML AUC gain does not demonstrate pediatric or cancer-held-out HRDsum transfer.,Defer GAN/VAE/diffusion; any later augmentation must use identical untouched real validation.
L62,Performance analysis of data resampling on class imbalance and classification techniques on multi-omics data for cancer classification.,2024,Synthetic data / augmentation,https://pubmed.ncbi.nlm.nih.gov/38422094/,../papers/2024_Performance_analysis_of_data_resampling_on_class_imbalance_and_classification_te.pdf,pp. 1-5,Local abstract and relevant methods/results reviewed; supplementary gaps retained,Not established in reviewed material,TCGA LIHC/BRCA/COAD tumor-vs-normal,403/841/295,"RNA,CNV,methylation",Not established in reviewed material,Not established in reviewed material,Not established in reviewed material,Not established in reviewed material,Not established in reviewed material,Not established in reviewed material,Not established in reviewed material,Not established in reviewed material,Not established in reviewed material,Not established in reviewed material,Not established in reviewed material,Not established in reviewed material,18 classifiers;5 imbalance methods,PCA described before model evaluation,Not established in reviewed material,Not established in reviewed material,Not established in reviewed material,Not established in reviewed material,"High binary tumor-vs-normal AUC,not HRD regression",Not established in reviewed material,Not established in reviewed material,Not established in reviewed material,Not established in reviewed material,SMOTE k=5 and undersampling,Not established in reviewed material,Not established in reviewed material,Leakage audit,Not established in reviewed material,SMOTE benefits reported on tumor-vs-normal tasks; reviewed text does not establish complete train-fold nesting.,Endpoint ease and unresolved leakage preclude borrowing accuracy claims.,Real-only primary; nested augmentation only.
L63,Opportunities and Challenges of Synthetic Data Generation in Oncology.,2023,Synthetic data / oncology,https://pubmed.ncbi.nlm.nih.gov/37535875/,../papers/jacobs-et-al-2023-opportunities-and-challenges-of-synthetic-data-generation-in-oncology.pdf,"Review sections on synthetic-data approaches, opportunities, and validation challenges",Newly available 2026-09-10; relevance review completed,INTERESTING BUT NOT HACKATHON-CRITICAL,Narrative review across cancers,Review,"Multiple imaging, clinical, and molecular modalities",Review of synthetic-data applications,Absent,Absent,Absent from reviewed paper or not reported,Absent from reviewed paper or not reported,Absent from reviewed paper or not reported,Absent from reviewed paper or not reported,Absent from reviewed paper or not reported,No validated methylation-HRD method,No KIDS26-ready protocol,Absent from reviewed paper or not reported,Not established in reviewed material,Review of synthetic-data generators including deep generative methods,Varies,Varies,Varies,No new experiment,No new experiment,Not applicable,Absent from reviewed paper or not reported,Not established for KIDS26,Not established,No single implementation,General oncology opportunities and validation context,Broad discussion of synthetic oncology data,No direct methylation-to-HRDsum evidence or hackathon benchmark,Future directions only,Not established in reviewed material,The article reviews opportunities and challenges for synthetic data generation in oncology.,Complex representation learning adds tuning and leakage risk without evidence of better cancer-held-out HRD prediction.,Defer neural representation models until the baseline and transfer benchmark are fixed.
L64,Genome-wide methylome modeling via generative AI incorporating long- and short-range interactions.,2025,Synthetic methylomes,https://pubmed.ncbi.nlm.nih.gov/40215314/,../papers/2025_Genome_wide_methylome_modeling_via_generative_AI_incorporating_long_and_short_ra.pdf,"pp. 1-2,7-9",Local abstract and relevant methods/results reviewed; supplementary gaps retained,Not established in reviewed material,AML training;MDS and cross-assay tests,26 AML WGBS;93 MDS ERRBS;14 datasets overall,"WGBS/ERRBS/scRRBS/450K,sequence/Hi-C",Not established in reviewed material,Not established in reviewed material,Not established in reviewed material,Not established in reviewed material,Not established in reviewed material,Not established in reviewed material,Not established in reviewed material,Not established in reviewed material,Not established in reviewed material,Not established in reviewed material,Not established in reviewed material,Not established in reviewed material,"DiffuCpG diffusion,1D U-Net",Not established in reviewed material,2.6 million 1 kb windows;26 independent training donors,Not established in reviewed material,Not established in reviewed material,Not established in reviewed material,Not established in reviewed material,Not established in reviewed material,Not established in reviewed material,Not established in reviewed material,Not established in reviewed material,"Methylation inpainting,not HRD-conditioned patients",Not established in reviewed material,Not established in reviewed material,Correct generative scope,Not established in reviewed material,Imputes methylation using local/long-range context; millions of windows are not patients.,Imputation quality is not evidence of HRD transfer or label fidelity.,Defer; train-fold median imputation and dropout tests for MVP.
L65,Deep learning detects genetic alterations in cancer histology generated by adversarial networks.,2021,Synthetic data / pathology,https://pubmed.ncbi.nlm.nih.gov/33565124/,../papers/The Journal of Pathology - 2021 - Krause - Deep learning detects genetic alterations in cancer histology generated by.pdf,Methods pp. 3-7; Results pp. 7-11,Newly available 2026-09-10; full relevant methods/results reviewed,INTERESTING BUT NOT HACKATHON-CRITICAL,Cancer histology images with genetic labels,"1,457 training images; 256 generator-related subset reported; 142 held-out test images",Histopathology images,Real and conditional-GAN synthetic image tiles,Genetic alteration classification; no HRDsum,Absent,Absent from reviewed paper or not reported,Absent from reviewed paper or not reported,Absent from reviewed paper or not reported,Absent from reviewed paper or not reported,Absent from reviewed paper or not reported,Absent,Absent,Absent from reviewed paper or not reported,Not established in reviewed material,Conditional GAN plus convolutional classifier,Learned image representations,"Real, synthetic, and combined-image training comparisons",Held-out real test images,Study-specific train/test evaluation,No methylation or PBTP validation,"AUC about 0.742 real-only, 0.743 synthetic-only, and 0.777 combined",Absent from reviewed paper or not reported,Image-level inference only,Not relevant to methylation transfer,Conditional GAN/deep-learning stack described,Modest augmentation result in a different modality,Uses an untouched real test set for augmentation comparison,"Different modality, target, and sample geometry; no methylation evidence","Supports real-only validation design, not image-GAN transfer",Not established in reviewed material,Combined real and synthetic histology training modestly improved held-out real-image AUC.,The evaluation design transfers to KIDS26; the generator architecture does not.,Any later augmentation comparison must use identical untouched real validation sets.
L66,Synthesis of diagnostic quality cancer pathology images by generative adversarial networks.,2020,Synthetic data / pathology,https://pubmed.ncbi.nlm.nih.gov/32686118/,,,Unavailable locally; metadata only; no methods inferred,Not established in reviewed material,Not established in reviewed material,Not established in reviewed material,Not established in reviewed material,Not established in reviewed material,Not established in reviewed material,Not established in reviewed material,Not established in reviewed material,Not established in reviewed material,Not established in reviewed material,Not established in reviewed material,Not established in reviewed material,Not established in reviewed material,Not established in reviewed material,Not established in reviewed material,Not established in reviewed material,Not established in reviewed material,Not established in reviewed material,Not established in reviewed material,Not established in reviewed material,Not established in reviewed material,Not established in reviewed material,Not established in reviewed material,Not established in reviewed material,Not established in reviewed material,Not established in reviewed material,Not established in reviewed material,Not established in reviewed material,Not established in reviewed material,Not established in reviewed material,Synthetic data / pathology,Not established in reviewed material,Listed in supplied map; full text unavailable locally.,No methodological inference from title.,Verify relevant methods before relying on this reference.
L67,Integrated genomic analyses of ovarian carcinoma.,2011,TCGA / ovarian,https://pubmed.ncbi.nlm.nih.gov/?term=Integrated+genomic+analyses+of+ovarian+carcinoma,,,Unavailable locally; metadata only; no methods inferred,Not established in reviewed material,Not established in reviewed material,Not established in reviewed material,Not established in reviewed material,Not established in reviewed material,Not established in reviewed material,Not established in reviewed material,Not established in reviewed material,Not established in reviewed material,Not established in reviewed material,Not established in reviewed material,Not established in reviewed material,Not established in reviewed material,Not established in reviewed material,Not established in reviewed material,Not established in reviewed material,Not established in reviewed material,Not established in reviewed material,Not established in reviewed material,Not established in reviewed material,Not established in reviewed material,Not established in reviewed material,Not established in reviewed material,Not established in reviewed material,Not established in reviewed material,Not established in reviewed material,Not established in reviewed material,Not established in reviewed material,Not established in reviewed material,Not established in reviewed material,TCGA / ovarian,Not established in reviewed material,Listed in supplied map; full text unavailable locally.,No methodological inference from title.,Verify relevant methods before relying on this reference.
L68,Comprehensive molecular portraits of human breast tumours.,2012,TCGA / breast,https://pubmed.ncbi.nlm.nih.gov/?term=Comprehensive+molecular+portraits+of+human+breast+tumours,,,Unavailable locally; metadata only; no methods inferred,Not established in reviewed material,Not established in reviewed material,Not established in reviewed material,Not established in reviewed material,Not established in reviewed material,Not established in reviewed material,Not established in reviewed material,Not established in reviewed material,Not established in reviewed material,Not established in reviewed material,Not established in reviewed material,Not established in reviewed material,Not established in reviewed material,Not established in reviewed material,Not established in reviewed material,Not established in reviewed material,Not established in reviewed material,Not established in reviewed material,Not established in reviewed material,Not established in reviewed material,Not established in reviewed material,Not established in reviewed material,Not established in reviewed material,Not established in reviewed material,Not established in reviewed material,Not established in reviewed material,Not established in reviewed material,Not established in reviewed material,Not established in reviewed material,Not established in reviewed material,TCGA / breast,Not established in reviewed material,Listed in supplied map; full text unavailable locally.,No methodological inference from title.,Verify relevant methods before relying on this reference.
L69,The Cancer Genome Atlas Pan-Cancer analysis project.,2013,TCGA / pan-cancer,https://pubmed.ncbi.nlm.nih.gov/?term=The+Cancer+Genome+Atlas+Pan-Cancer+analysis+project,,,Unavailable locally; metadata only; no methods inferred,Not established in reviewed material,Not established in reviewed material,Not established in reviewed material,Not established in reviewed material,Not established in reviewed material,Not established in reviewed material,Not established in reviewed material,Not established in reviewed material,Not established in reviewed material,Not established in reviewed material,Not established in reviewed material,Not established in reviewed material,Not established in reviewed material,Not established in reviewed material,Not established in reviewed material,Not established in reviewed material,Not established in reviewed material,Not established in reviewed material,Not established in reviewed material,Not established in reviewed material,Not established in reviewed material,Not established in reviewed material,Not established in reviewed material,Not established in reviewed material,Not established in reviewed material,Not established in reviewed material,Not established in reviewed material,Not established in reviewed material,Not established in reviewed material,Not established in reviewed material,TCGA / pan-cancer,Not established in reviewed material,Listed in supplied map; full text unavailable locally.,No methodological inference from title.,Verify relevant methods before relying on this reference.
L70,Genomic signatures of homologous recombination deficiency predict response to PARP inhibition in chordoma,2019,Additional locally supplied evidence,https://doi.org/10.1038/s41467-019-09633-9,../papers/41467_2019_Article_9633.pdf,Main text pp. 1-10; Methods pp. 10-15,Newly available 2026-09-10; locally present but absent from the original 69-row matrix,INTERESTING BUT NOT HACKATHON-CRITICAL,Advanced chordoma,"11 patients; WES for 9 and WGS for 2, with matched blood",Matched tumor-normal whole-exome or whole-genome sequencing,Somatic mutations and allele-aware copy-number states,Mutational signature 3 plus genomic scars and clinical PARP-inhibitor response,LOH and LST-like measures; no methylation-derived canonical HRDsum,Copy-neutral and non-copy-neutral LOH regions greater than 15 Mb; whole-chromosome handling follows the study implementation,Breaks between segments greater than 10 Mb after filtering small segments,Absent,Matched tumor-normal WES/WGS allele-specific copy-number analysis,Not reported in sufficient detail in the reviewed main article,Allele-aware sequencing CN with matched normal,Absent,No methylation-array input; matched sequencing required,Not established in reviewed material,Genomic characterization and therapeutic observation,Prespecified HRD signatures and scars,No predictive model training,Cohort survey plus olaparib response and acquired resistance,Absent,Absent,Descriptive genomic prevalence and clinical response,No predictive calibration or individual interval; descriptive rare-cohort evidence,Sequencing is sample-level; no methylation predictor,No,No methylation-to-HRD implementation,None,Matched-normal sequencing and clinically linked HRD evidence in a rare tumor,Very small cohort and no methylation array,Rare-cancer motivation while reinforcing allele-aware reference labels,Preserve component labels and do not infer allelic imbalance from total CN,Eleven advanced chordomas had matched tumor-normal sequencing; LOH regions exceeded 15 Mb and LST counted breaks between segments exceeding 10 Mb after small-segment filtering.,Rare-tumor relevance does not validate methylation-derived canonical HRDsum.,"Use as biological motivation, not as evidence to change the primary model."
